,region,sub-region,country,Date,max_temp_avg,min_temp_avg,2010-2015 (millions),2016-2020 (millions)
0,South,East South Central,US,2010-01-01,36.937668,22.68431,2,2
1,South,East South Central,US,2010-02-01,38.076675,23.072702,2,2
2,South,East South Central,US,2010-03-01,52.501175,34.194633,2,2
3,South,East South Central,US,2010-04-01,64.33341,44.25436,2,2
4,South,East South Central,US,2010-05-01,71.21372,52.538177,2,2
5,South,East South Central,US,2010-06-01,80.72977,62.77771,2,2
6,South,East South Central,US,2010-07-01,84.79057,66.902374,2,2
7,South,East South Central,US,2010-08-01,83.88784,66.07894,2,2
8,South,East South Central,US,2010-09-01,77.41048,59.109478,2,2
9,South,East South Central,US,2010-10-01,66.02441,48.25433,2,2
10,South,East South Central,US,2010-11-01,52.30418,36.416477,2,2
11,South,East South Central,US,2010-12-01,38.474895,24.863665,2,2
12,South,East South Central,US,2011-01-01,36.313534,21.066587,2,2
13,South,East South Central,US,2011-02-01,42.636295,24.629112,2,2
14,South,East South Central,US,2011-03-01,50.95763,33.4567,2,2
15,South,East South Central,US,2011-04-01,62.267063,43.468475,2,2
16,South,East South Central,US,2011-05-01,69.74315,51.4604,2,2
17,South,East South Central,US,2011-06-01,79.98577,61.15583,2,2
18,South,East South Central,US,2011-07-01,86.217705,67.62363,2,2
19,South,East South Central,US,2011-08-01,84.0087,65.868706,2,2
20,South,East South Central,US,2011-09-01,75.506004,58.293713,2,2
21,South,East South Central,US,2011-10-01,64.195885,47.466927,2,2
22,South,East South Central,US,2011-11-01,53.815475,38.06377,2,2
23,South,East South Central,US,2011-12-01,45.00038,30.273228,2,2
24,South,East South Central,US,2012-01-01,44.223515,27.548407,2,2
25,South,East South Central,US,2012-02-01,46.161205,29.881369,2,2
26,South,East South Central,US,2012-03-01,59.99025,41.062523,2,2
27,South,East South Central,US,2012-04-01,64.24842,44.52936,2,2
28,South,East South Central,US,2012-05-01,74.034744,54.765865,2,2
29,South,East South Central,US,2012-06-01,80.776474,60.855713,2,2
30,South,East South Central,US,2012-07-01,86.77108,68.06401,2,2
31,South,East South Central,US,2012-08-01,83.5526,64.89278,2,2
32,South,East South Central,US,2012-09-01,76.08401,57.84889,2,2
33,South,East South Central,US,2012-10-01,63.75408,47.426395,2,2
34,South,East South Central,US,2012-11-01,52.389538,36.02224,2,2
35,South,East South Central,US,2012-12-01,44.68894,31.060001,2,2
36,South,East South Central,US,2013-01-01,41.34425,25.305923,2,2
37,South,East South Central,US,2013-02-01,42.122578,25.856842,2,2
38,South,East South Central,US,2013-03-01,47.98097,30.25336,2,2
39,South,East South Central,US,2013-04-01,59.575005,40.406654,2,2
40,South,East South Central,US,2013-05-01,70.432755,51.55353,2,2
41,South,East South Central,US,2013-06-01,79.17718,61.410885,2,2
42,South,East South Central,US,2013-07-01,82.80203,66.03761,2,2
43,South,East South Central,US,2013-08-01,81.29429,64.00205,2,2
44,South,East South Central,US,2013-09-01,76.15166,58.593536,2,2
45,South,East South Central,US,2013-10-01,63.6975,47.263817,2,2
46,South,East South Central,US,2013-11-01,50.27936,35.116596,2,2
47,South,East South Central,US,2013-12-01,40.530266,24.921843,2,2
48,South,East South Central,US,2014-01-01,38.565807,20.161634,2,2
49,South,East South Central,US,2014-02-01,39.65571,22.225708,2,2
50,South,East South Central,US,2014-03-01,49.07133,29.145922,2,2
51,South,East South Central,US,2014-04-01,61.239475,41.563713,2,2
52,South,East South Central,US,2014-05-01,71.32786,52.01782,2,2
53,South,East South Central,US,2014-06-01,78.87824,60.82165,2,2
54,South,East South Central,US,2014-07-01,82.224915,64.17704,2,2
55,South,East South Central,US,2014-08-01,80.84622,63.50435,2,2
56,South,East South Central,US,2014-09-01,75.69442,58.238655,2,2
57,South,East South Central,US,2014-10-01,65.801765,49.327496,2,2
58,South,East South Central,US,2014-11-01,48.847008,33.220535,2,2
59,South,East South Central,US,2014-12-01,43.69592,30.92338,2,2
60,South,East South Central,US,2015-01-01,39.75209,23.66708,2,2
61,South,East South Central,US,2015-02-01,38.720665,20.061926,2,2
62,South,East South Central,US,2015-03-01,52.50699,32.869568,2,2
63,South,East South Central,US,2015-04-01,62.449833,43.59965,2,2
64,South,East South Central,US,2015-05-01,72.12955,53.33543,2,2
65,South,East South Central,US,2015-06-01,79.76712,61.935715,2,2
66,South,East South Central,US,2015-07-01,83.077896,65.57139,2,2
67,South,East South Central,US,2015-08-01,82.709694,64.27945,2,2
68,South,East South Central,US,2015-09-01,78.4553,60.464005,2,2
69,South,East South Central,US,2015-10-01,65.45173,49.266983,2,2
70,South,East South Central,US,2015-11-01,54.391712,39.458416,2,2
71,South,East South Central,US,2015-12-01,48.458126,35.103172,2,2
72,South,East South Central,US,2016-01-01,39.274536,24.255241,2,2
73,South,East South Central,US,2016-02-01,45.903133,29.12705,2,2
74,South,East South Central,US,2016-03-01,56.460552,38.427082,2,2
75,South,East South Central,US,2016-04-01,62.170242,43.301945,2,2
76,South,East South Central,US,2016-05-01,69.73598,51.51915,2,2
77,South,East South Central,US,2016-06-01,81.57324,62.33277,2,2
78,South,East South Central,US,2016-07-01,84.93402,66.87448,2,2
79,South,East South Central,US,2016-08-01,83.35387,66.44628,2,2
80,South,East South Central,US,2016-09-01,77.273186,60.41224,2,2
81,South,East South Central,US,2016-10-01,67.37902,50.68877,2,2
82,South,East South Central,US,2016-11-01,56.796062,40.87989,2,2
83,South,East South Central,US,2016-12-01,41.26404,27.313189,2,2
84,South,East South Central,US,2017-01-01,41.90498,28.098434,2,2
85,South,East South Central,US,2017-02-01,49.888683,32.741917,2,2
86,South,East South Central,US,2017-03-01,52.841038,34.781094,2,2
87,South,East South Central,US,2017-04-01,64.13421,45.215446,2,2
88,South,East South Central,US,2017-05-01,69.75774,51.04952,2,2
89,South,East South Central,US,2017-06-01,79.35568,60.654152,2,2
90,South,East South Central,US,2017-07-01,83.95581,65.75623,2,2
91,South,East South Central,US,2017-08-01,80.32645,63.017067,2,2
92,South,East South Central,US,2017-09-01,76.14651,58.461975,2,2
93,South,East South Central,US,2017-10-01,66.55485,49.371624,2,2
94,South,East South Central,US,2017-11-01,53.514507,37.586212,2,2
95,South,East South Central,US,2017-12-01,42.017296,27.360903,2,2
96,South,East South Central,US,2018-01-01,40.195778,23.562857,2,2
97,South,East South Central,US,2018-02-01,46.72872,29.193977,2,2
98,South,East South Central,US,2018-03-01,49.48081,32.33441,2,2
99,South,East South Central,US,2018-04-01,58.484093,38.418507,2,2
100,South,East South Central,US,2018-05-01,75.25075,55.555325,2,2
101,South,East South Central,US,2018-06-01,80.67021,61.7048,2,2
102,South,East South Central,US,2018-07-01,84.311775,65.721565,2,2
103,South,East South Central,US,2018-08-01,82.67504,65.13591,2,2
104,South,East South Central,US,2018-09-01,76.80097,60.421917,2,2
105,South,East South Central,US,2018-10-01,62.845207,47.35394,2,2
106,South,East South Central,US,2018-11-01,48.028564,33.698154,2,2
107,South,East South Central,US,2018-12-01,43.19066,29.248796,2,2
108,South,East South Central,US,2019-01-01,39.73206,24.050486,2,2
109,South,East South Central,US,2019-02-01,41.84358,25.524523,2,2
110,South,East South Central,US,2019-03-01,48.798893,30.879896,2,2
111,South,East South Central,US,2019-04-01,62.269325,43.275093,2,2
112,South,East South Central,US,2019-05-01,69.7147,51.565434,2,2
113,South,East South Central,US,2019-06-01,78.176506,59.66433,2,2
114,South,East South Central,US,2019-07-01,84.53965,65.99333,2,2
115,South,East South Central,US,2019-08-01,82.84969,64.44682,2,2
116,South,East South Central,US,2019-09-01,78.86868,60.478626,2,2
117,South,East South Central,US,2019-10-01,63.40115,46.442154,2,2
118,South,East South Central,US,2019-11-01,50.071445,33.57839,2,2
119,South,East South Central,US,2019-12-01,44.53673,29.925077,2,2
120,South,East South Central,US,2020-01-01,43.038433,28.764698,2,2
121,South,East South Central,US,2020-02-01,44.830307,28.132536,2,2
122,South,East South Central,US,2020-03-01,55.099632,37.56728,2,2
123,South,East South Central,US,2020-04-01,59.88827,40.586918,2,2
124,South,East South Central,US,2020-05-01,69.80334,50.48561,2,2
125,South,East South Central,US,2020-06-01,80.46792,60.878918,2,2
126,South,East South Central,US,2020-07-01,85.53074,66.678604,2,2
127,South,East South Central,US,2020-08-01,83.68024,65.03401,2,2
128,South,East South Central,US,2020-09-01,76.037384,57.46468,2,2
129,South,East South Central,US,2020-10-01,64.476654,47.113594,2,2
130,South,East South Central,US,2020-11-01,56.240623,39.49886,2,2
131,South,East South Central,US,2020-12-01,44.279423,29.150827,2,2
132,West,Pacific,US,2010-01-01,36.937668,22.68431,1,1
133,West,Pacific,US,2010-02-01,38.076675,23.072702,1,1
134,West,Pacific,US,2010-03-01,52.501175,34.194633,1,1
135,West,Pacific,US,2010-04-01,64.33341,44.25436,1,1
136,West,Pacific,US,2010-05-01,71.21372,52.538177,1,1
137,West,Pacific,US,2010-06-01,80.72977,62.77771,1,1
138,West,Pacific,US,2010-07-01,84.79057,66.902374,1,1
139,West,Pacific,US,2010-08-01,83.88784,66.07894,1,1
140,West,Pacific,US,2010-09-01,77.41048,59.109478,1,1
141,West,Pacific,US,2010-10-01,66.02441,48.25433,1,1
142,West,Pacific,US,2010-11-01,52.30418,36.416477,1,1
143,West,Pacific,US,2010-12-01,38.474895,24.863665,1,1
144,West,Pacific,US,2011-01-01,36.313534,21.066587,1,1
145,West,Pacific,US,2011-02-01,42.636295,24.629112,1,1
146,West,Pacific,US,2011-03-01,50.95763,33.4567,1,1
147,West,Pacific,US,2011-04-01,62.267063,43.468475,1,1
148,West,Pacific,US,2011-05-01,69.74315,51.4604,1,1
149,West,Pacific,US,2011-06-01,79.98577,61.15583,1,1
150,West,Pacific,US,2011-07-01,86.217705,67.62363,1,1
151,West,Pacific,US,2011-08-01,84.0087,65.868706,1,1
152,West,Pacific,US,2011-09-01,75.506004,58.293713,1,1
153,West,Pacific,US,2011-10-01,64.195885,47.466927,1,1
154,West,Pacific,US,2011-11-01,53.815475,38.06377,1,1
155,West,Pacific,US,2011-12-01,45.00038,30.273228,1,1
156,West,Pacific,US,2012-01-01,44.223515,27.548407,1,1
157,West,Pacific,US,2012-02-01,46.161205,29.881369,1,1
158,West,Pacific,US,2012-03-01,59.99025,41.062523,1,1
159,West,Pacific,US,2012-04-01,64.24842,44.52936,1,1
160,West,Pacific,US,2012-05-01,74.034744,54.765865,1,1
161,West,Pacific,US,2012-06-01,80.776474,60.855713,1,1
162,West,Pacific,US,2012-07-01,86.77108,68.06401,1,1
163,West,Pacific,US,2012-08-01,83.5526,64.89278,1,1
164,West,Pacific,US,2012-09-01,76.08401,57.84889,1,1
165,West,Pacific,US,2012-10-01,63.75408,47.426395,1,1
166,West,Pacific,US,2012-11-01,52.389538,36.02224,1,1
167,West,Pacific,US,2012-12-01,44.68894,31.060001,1,1
168,West,Pacific,US,2013-01-01,41.34425,25.305923,1,1
169,West,Pacific,US,2013-02-01,42.122578,25.856842,1,1
170,West,Pacific,US,2013-03-01,47.98097,30.25336,1,1
171,West,Pacific,US,2013-04-01,59.575005,40.406654,1,1
172,West,Pacific,US,2013-05-01,70.432755,51.55353,1,1
173,West,Pacific,US,2013-06-01,79.17718,61.410885,1,1
174,West,Pacific,US,2013-07-01,82.80203,66.03761,1,1
175,West,Pacific,US,2013-08-01,81.29429,64.00205,1,1
176,West,Pacific,US,2013-09-01,76.15166,58.593536,1,1
177,West,Pacific,US,2013-10-01,63.6975,47.263817,1,1
178,West,Pacific,US,2013-11-01,50.27936,35.116596,1,1
179,West,Pacific,US,2013-12-01,40.530266,24.921843,1,1
180,West,Pacific,US,2014-01-01,38.565807,20.161634,1,1
181,West,Pacific,US,2014-02-01,39.65571,22.225708,1,1
182,West,Pacific,US,2014-03-01,49.07133,29.145922,1,1
183,West,Pacific,US,2014-04-01,61.239475,41.563713,1,1
184,West,Pacific,US,2014-05-01,71.32786,52.01782,1,1
185,West,Pacific,US,2014-06-01,78.87824,60.82165,1,1
186,West,Pacific,US,2014-07-01,82.224915,64.17704,1,1
187,West,Pacific,US,2014-08-01,80.84622,63.50435,1,1
188,West,Pacific,US,2014-09-01,75.69442,58.238655,1,1
189,West,Pacific,US,2014-10-01,65.801765,49.327496,1,1
190,West,Pacific,US,2014-11-01,48.847008,33.220535,1,1
191,West,Pacific,US,2014-12-01,43.69592,30.92338,1,1
192,West,Pacific,US,2015-01-01,39.75209,23.66708,1,1
193,West,Pacific,US,2015-02-01,38.720665,20.061926,1,1
194,West,Pacific,US,2015-03-01,52.50699,32.869568,1,1
195,West,Pacific,US,2015-04-01,62.449833,43.59965,1,1
196,West,Pacific,US,2015-05-01,72.12955,53.33543,1,1
197,West,Pacific,US,2015-06-01,79.76712,61.935715,1,1
198,West,Pacific,US,2015-07-01,83.077896,65.57139,1,1
199,West,Pacific,US,2015-08-01,82.709694,64.27945,1,1
200,West,Pacific,US,2015-09-01,78.4553,60.464005,1,1
201,West,Pacific,US,2015-10-01,65.45173,49.266983,1,1
202,West,Pacific,US,2015-11-01,54.391712,39.458416,1,1
203,West,Pacific,US,2015-12-01,48.458126,35.103172,1,1
204,West,Pacific,US,2016-01-01,39.274536,24.255241,1,1
205,West,Pacific,US,2016-02-01,45.903133,29.12705,1,1
206,West,Pacific,US,2016-03-01,56.460552,38.427082,1,1
207,West,Pacific,US,2016-04-01,62.170242,43.301945,1,1
208,West,Pacific,US,2016-05-01,69.73598,51.51915,1,1
209,West,Pacific,US,2016-06-01,81.57324,62.33277,1,1
210,West,Pacific,US,2016-07-01,84.93402,66.87448,1,1
211,West,Pacific,US,2016-08-01,83.35387,66.44628,1,1
212,West,Pacific,US,2016-09-01,77.273186,60.41224,1,1
213,West,Pacific,US,2016-10-01,67.37902,50.68877,1,1
214,West,Pacific,US,2016-11-01,56.796062,40.87989,1,1
215,West,Pacific,US,2016-12-01,41.26404,27.313189,1,1
216,West,Pacific,US,2017-01-01,41.90498,28.098434,1,1
217,West,Pacific,US,2017-02-01,49.888683,32.741917,1,1
218,West,Pacific,US,2017-03-01,52.841038,34.781094,1,1
219,West,Pacific,US,2017-04-01,64.13421,45.215446,1,1
220,West,Pacific,US,2017-05-01,69.75774,51.04952,1,1
221,West,Pacific,US,2017-06-01,79.35568,60.654152,1,1
222,West,Pacific,US,2017-07-01,83.95581,65.75623,1,1
223,West,Pacific,US,2017-08-01,80.32645,63.017067,1,1
224,West,Pacific,US,2017-09-01,76.14651,58.461975,1,1
225,West,Pacific,US,2017-10-01,66.55485,49.371624,1,1
226,West,Pacific,US,2017-11-01,53.514507,37.586212,1,1
227,West,Pacific,US,2017-12-01,42.017296,27.360903,1,1
228,West,Pacific,US,2018-01-01,40.195778,23.562857,1,1
229,West,Pacific,US,2018-02-01,46.72872,29.193977,1,1
230,West,Pacific,US,2018-03-01,49.48081,32.33441,1,1
231,West,Pacific,US,2018-04-01,58.484093,38.418507,1,1
232,West,Pacific,US,2018-05-01,75.25075,55.555325,1,1
233,West,Pacific,US,2018-06-01,80.67021,61.7048,1,1
234,West,Pacific,US,2018-07-01,84.311775,65.721565,1,1
235,West,Pacific,US,2018-08-01,82.67504,65.13591,1,1
236,West,Pacific,US,2018-09-01,76.80097,60.421917,1,1
237,West,Pacific,US,2018-10-01,62.845207,47.35394,1,1
238,West,Pacific,US,2018-11-01,48.028564,33.698154,1,1
239,West,Pacific,US,2018-12-01,43.19066,29.248796,1,1
240,West,Pacific,US,2019-01-01,39.73206,24.050486,1,1
241,West,Pacific,US,2019-02-01,41.84358,25.524523,1,1
242,West,Pacific,US,2019-03-01,48.798893,30.879896,1,1
243,West,Pacific,US,2019-04-01,62.269325,43.275093,1,1
244,West,Pacific,US,2019-05-01,69.7147,51.565434,1,1
245,West,Pacific,US,2019-06-01,78.176506,59.66433,1,1
246,West,Pacific,US,2019-07-01,84.53965,65.99333,1,1
247,West,Pacific,US,2019-08-01,82.84969,64.44682,1,1
248,West,Pacific,US,2019-09-01,78.86868,60.478626,1,1
249,West,Pacific,US,2019-10-01,63.40115,46.442154,1,1
250,West,Pacific,US,2019-11-01,50.071445,33.57839,1,1
251,West,Pacific,US,2019-12-01,44.53673,29.925077,1,1
252,West,Pacific,US,2020-01-01,43.038433,28.764698,1,1
253,West,Pacific,US,2020-02-01,44.830307,28.132536,1,1
254,West,Pacific,US,2020-03-01,55.099632,37.56728,1,1
255,West,Pacific,US,2020-04-01,59.88827,40.586918,1,1
256,West,Pacific,US,2020-05-01,69.80334,50.48561,1,1
257,West,Pacific,US,2020-06-01,80.46792,60.878918,1,1
258,West,Pacific,US,2020-07-01,85.53074,66.678604,1,1
259,West,Pacific,US,2020-08-01,83.68024,65.03401,1,1
260,West,Pacific,US,2020-09-01,76.037384,57.46468,1,1
261,West,Pacific,US,2020-10-01,64.476654,47.113594,1,1
262,West,Pacific,US,2020-11-01,56.240623,39.49886,1,1
263,West,Pacific,US,2020-12-01,44.279423,29.150827,1,1
264,West,Mountain,US,2010-01-01,36.937668,22.68431,1,1
265,West,Mountain,US,2010-02-01,38.076675,23.072702,1,1
266,West,Mountain,US,2010-03-01,52.501175,34.194633,1,1
267,West,Mountain,US,2010-04-01,64.33341,44.25436,1,1
268,West,Mountain,US,2010-05-01,71.21372,52.538177,1,1
269,West,Mountain,US,2010-06-01,80.72977,62.77771,1,1
270,West,Mountain,US,2010-07-01,84.79057,66.902374,1,1
271,West,Mountain,US,2010-08-01,83.88784,66.07894,1,1
272,West,Mountain,US,2010-09-01,77.41048,59.109478,1,1
273,West,Mountain,US,2010-10-01,66.02441,48.25433,1,1
274,West,Mountain,US,2010-11-01,52.30418,36.416477,1,1
275,West,Mountain,US,2010-12-01,38.474895,24.863665,1,1
276,West,Mountain,US,2011-01-01,36.313534,21.066587,1,1
277,West,Mountain,US,2011-02-01,42.636295,24.629112,1,1
278,West,Mountain,US,2011-03-01,50.95763,33.4567,1,1
279,West,Mountain,US,2011-04-01,62.267063,43.468475,1,1
280,West,Mountain,US,2011-05-01,69.74315,51.4604,1,1
281,West,Mountain,US,2011-06-01,79.98577,61.15583,1,1
282,West,Mountain,US,2011-07-01,86.217705,67.62363,1,1
283,West,Mountain,US,2011-08-01,84.0087,65.868706,1,1
284,West,Mountain,US,2011-09-01,75.506004,58.293713,1,1
285,West,Mountain,US,2011-10-01,64.195885,47.466927,1,1
286,West,Mountain,US,2011-11-01,53.815475,38.06377,1,1
287,West,Mountain,US,2011-12-01,45.00038,30.273228,1,1
288,West,Mountain,US,2012-01-01,44.223515,27.548407,1,1
289,West,Mountain,US,2012-02-01,46.161205,29.881369,1,1
290,West,Mountain,US,2012-03-01,59.99025,41.062523,1,1
291,West,Mountain,US,2012-04-01,64.24842,44.52936,1,1
292,West,Mountain,US,2012-05-01,74.034744,54.765865,1,1
293,West,Mountain,US,2012-06-01,80.776474,60.855713,1,1
294,West,Mountain,US,2012-07-01,86.77108,68.06401,1,1
295,West,Mountain,US,2012-08-01,83.5526,64.89278,1,1
296,West,Mountain,US,2012-09-01,76.08401,57.84889,1,1
297,West,Mountain,US,2012-10-01,63.75408,47.426395,1,1
298,West,Mountain,US,2012-11-01,52.389538,36.02224,1,1
299,West,Mountain,US,2012-12-01,44.68894,31.060001,1,1
300,West,Mountain,US,2013-01-01,41.34425,25.305923,1,1
301,West,Mountain,US,2013-02-01,42.122578,25.856842,1,1
302,West,Mountain,US,2013-03-01,47.98097,30.25336,1,1
303,West,Mountain,US,2013-04-01,59.575005,40.406654,1,1
304,West,Mountain,US,2013-05-01,70.432755,51.55353,1,1
305,West,Mountain,US,2013-06-01,79.17718,61.410885,1,1
306,West,Mountain,US,2013-07-01,82.80203,66.03761,1,1
307,West,Mountain,US,2013-08-01,81.29429,64.00205,1,1
308,West,Mountain,US,2013-09-01,76.15166,58.593536,1,1
309,West,Mountain,US,2013-10-01,63.6975,47.263817,1,1
310,West,Mountain,US,2013-11-01,50.27936,35.116596,1,1
311,West,Mountain,US,2013-12-01,40.530266,24.921843,1,1
312,West,Mountain,US,2014-01-01,38.565807,20.161634,1,1
313,West,Mountain,US,2014-02-01,39.65571,22.225708,1,1
314,West,Mountain,US,2014-03-01,49.07133,29.145922,1,1
315,West,Mountain,US,2014-04-01,61.239475,41.563713,1,1
316,West,Mountain,US,2014-05-01,71.32786,52.01782,1,1
317,West,Mountain,US,2014-06-01,78.87824,60.82165,1,1
318,West,Mountain,US,2014-07-01,82.224915,64.17704,1,1
319,West,Mountain,US,2014-08-01,80.84622,63.50435,1,1
320,West,Mountain,US,2014-09-01,75.69442,58.238655,1,1
321,West,Mountain,US,2014-10-01,65.801765,49.327496,1,1
322,West,Mountain,US,2014-11-01,48.847008,33.220535,1,1
323,West,Mountain,US,2014-12-01,43.69592,30.92338,1,1
324,West,Mountain,US,2015-01-01,39.75209,23.66708,1,1
325,West,Mountain,US,2015-02-01,38.720665,20.061926,1,1
326,West,Mountain,US,2015-03-01,52.50699,32.869568,1,1
327,West,Mountain,US,2015-04-01,62.449833,43.59965,1,1
328,West,Mountain,US,2015-05-01,72.12955,53.33543,1,1
329,West,Mountain,US,2015-06-01,79.76712,61.935715,1,1
330,West,Mountain,US,2015-07-01,83.077896,65.57139,1,1
331,West,Mountain,US,2015-08-01,82.709694,64.27945,1,1
332,West,Mountain,US,2015-09-01,78.4553,60.464005,1,1
333,West,Mountain,US,2015-10-01,65.45173,49.266983,1,1
334,West,Mountain,US,2015-11-01,54.391712,39.458416,1,1
335,West,Mountain,US,2015-12-01,48.458126,35.103172,1,1
336,West,Mountain,US,2016-01-01,39.274536,24.255241,1,1
337,West,Mountain,US,2016-02-01,45.903133,29.12705,1,1
338,West,Mountain,US,2016-03-01,56.460552,38.427082,1,1
339,West,Mountain,US,2016-04-01,62.170242,43.301945,1,1
340,West,Mountain,US,2016-05-01,69.73598,51.51915,1,1
341,West,Mountain,US,2016-06-01,81.57324,62.33277,1,1
342,West,Mountain,US,2016-07-01,84.93402,66.87448,1,1
343,West,Mountain,US,2016-08-01,83.35387,66.44628,1,1
344,West,Mountain,US,2016-09-01,77.273186,60.41224,1,1
345,West,Mountain,US,2016-10-01,67.37902,50.68877,1,1
346,West,Mountain,US,2016-11-01,56.796062,40.87989,1,1
347,West,Mountain,US,2016-12-01,41.26404,27.313189,1,1
348,West,Mountain,US,2017-01-01,41.90498,28.098434,1,1
349,West,Mountain,US,2017-02-01,49.888683,32.741917,1,1
350,West,Mountain,US,2017-03-01,52.841038,34.781094,1,1
351,West,Mountain,US,2017-04-01,64.13421,45.215446,1,1
352,West,Mountain,US,2017-05-01,69.75774,51.04952,1,1
353,West,Mountain,US,2017-06-01,79.35568,60.654152,1,1
354,West,Mountain,US,2017-07-01,83.95581,65.75623,1,1
355,West,Mountain,US,2017-08-01,80.32645,63.017067,1,1
356,West,Mountain,US,2017-09-01,76.14651,58.461975,1,1
357,West,Mountain,US,2017-10-01,66.55485,49.371624,1,1
358,West,Mountain,US,2017-11-01,53.514507,37.586212,1,1
359,West,Mountain,US,2017-12-01,42.017296,27.360903,1,1
360,West,Mountain,US,2018-01-01,40.195778,23.562857,1,1
361,West,Mountain,US,2018-02-01,46.72872,29.193977,1,1
362,West,Mountain,US,2018-03-01,49.48081,32.33441,1,1
363,West,Mountain,US,2018-04-01,58.484093,38.418507,1,1
364,West,Mountain,US,2018-05-01,75.25075,55.555325,1,1
365,West,Mountain,US,2018-06-01,80.67021,61.7048,1,1
366,West,Mountain,US,2018-07-01,84.311775,65.721565,1,1
367,West,Mountain,US,2018-08-01,82.67504,65.13591,1,1
368,West,Mountain,US,2018-09-01,76.80097,60.421917,1,1
369,West,Mountain,US,2018-10-01,62.845207,47.35394,1,1
370,West,Mountain,US,2018-11-01,48.028564,33.698154,1,1
371,West,Mountain,US,2018-12-01,43.19066,29.248796,1,1
372,West,Mountain,US,2019-01-01,39.73206,24.050486,1,1
373,West,Mountain,US,2019-02-01,41.84358,25.524523,1,1
374,West,Mountain,US,2019-03-01,48.798893,30.879896,1,1
375,West,Mountain,US,2019-04-01,62.269325,43.275093,1,1
376,West,Mountain,US,2019-05-01,69.7147,51.565434,1,1
377,West,Mountain,US,2019-06-01,78.176506,59.66433,1,1
378,West,Mountain,US,2019-07-01,84.53965,65.99333,1,1
379,West,Mountain,US,2019-08-01,82.84969,64.44682,1,1
380,West,Mountain,US,2019-09-01,78.86868,60.478626,1,1
381,West,Mountain,US,2019-10-01,63.40115,46.442154,1,1
382,West,Mountain,US,2019-11-01,50.071445,33.57839,1,1
383,West,Mountain,US,2019-12-01,44.53673,29.925077,1,1
384,West,Mountain,US,2020-01-01,43.038433,28.764698,1,1
385,West,Mountain,US,2020-02-01,44.830307,28.132536,1,1
386,West,Mountain,US,2020-03-01,55.099632,37.56728,1,1
387,West,Mountain,US,2020-04-01,59.88827,40.586918,1,1
388,West,Mountain,US,2020-05-01,69.80334,50.48561,1,1
389,West,Mountain,US,2020-06-01,80.46792,60.878918,1,1
390,West,Mountain,US,2020-07-01,85.53074,66.678604,1,1
391,West,Mountain,US,2020-08-01,83.68024,65.03401,1,1
392,West,Mountain,US,2020-09-01,76.037384,57.46468,1,1
393,West,Mountain,US,2020-10-01,64.476654,47.113594,1,1
394,West,Mountain,US,2020-11-01,56.240623,39.49886,1,1
395,West,Mountain,US,2020-12-01,44.279423,29.150827,1,1
396,South,West South Central,US,2010-01-01,36.937668,22.68431,2,2
397,South,West South Central,US,2010-02-01,38.076675,23.072702,2,2
398,South,West South Central,US,2010-03-01,52.501175,34.194633,2,2
399,South,West South Central,US,2010-04-01,64.33341,44.25436,2,2
400,South,West South Central,US,2010-05-01,71.21372,52.538177,2,2
401,South,West South Central,US,2010-06-01,80.72977,62.77771,2,2
402,South,West South Central,US,2010-07-01,84.79057,66.902374,2,2
403,South,West South Central,US,2010-08-01,83.88784,66.07894,2,2
404,South,West South Central,US,2010-09-01,77.41048,59.109478,2,2
405,South,West South Central,US,2010-10-01,66.02441,48.25433,2,2
406,South,West South Central,US,2010-11-01,52.30418,36.416477,2,2
407,South,West South Central,US,2010-12-01,38.474895,24.863665,2,2
408,South,West South Central,US,2011-01-01,36.313534,21.066587,2,2
409,South,West South Central,US,2011-02-01,42.636295,24.629112,2,2
410,South,West South Central,US,2011-03-01,50.95763,33.4567,2,2
411,South,West South Central,US,2011-04-01,62.267063,43.468475,2,2
412,South,West South Central,US,2011-05-01,69.74315,51.4604,2,2
413,South,West South Central,US,2011-06-01,79.98577,61.15583,2,2
414,South,West South Central,US,2011-07-01,86.217705,67.62363,2,2
415,South,West South Central,US,2011-08-01,84.0087,65.868706,2,2
416,South,West South Central,US,2011-09-01,75.506004,58.293713,2,2
417,South,West South Central,US,2011-10-01,64.195885,47.466927,2,2
418,South,West South Central,US,2011-11-01,53.815475,38.06377,2,2
419,South,West South Central,US,2011-12-01,45.00038,30.273228,2,2
420,South,West South Central,US,2012-01-01,44.223515,27.548407,2,2
421,South,West South Central,US,2012-02-01,46.161205,29.881369,2,2
422,South,West South Central,US,2012-03-01,59.99025,41.062523,2,2
423,South,West South Central,US,2012-04-01,64.24842,44.52936,2,2
424,South,West South Central,US,2012-05-01,74.034744,54.765865,2,2
425,South,West South Central,US,2012-06-01,80.776474,60.855713,2,2
426,South,West South Central,US,2012-07-01,86.77108,68.06401,2,2
427,South,West South Central,US,2012-08-01,83.5526,64.89278,2,2
428,South,West South Central,US,2012-09-01,76.08401,57.84889,2,2
429,South,West South Central,US,2012-10-01,63.75408,47.426395,2,2
430,South,West South Central,US,2012-11-01,52.389538,36.02224,2,2
431,South,West South Central,US,2012-12-01,44.68894,31.060001,2,2
432,South,West South Central,US,2013-01-01,41.34425,25.305923,2,2
433,South,West South Central,US,2013-02-01,42.122578,25.856842,2,2
434,South,West South Central,US,2013-03-01,47.98097,30.25336,2,2
435,South,West South Central,US,2013-04-01,59.575005,40.406654,2,2
436,South,West South Central,US,2013-05-01,70.432755,51.55353,2,2
437,South,West South Central,US,2013-06-01,79.17718,61.410885,2,2
438,South,West South Central,US,2013-07-01,82.80203,66.03761,2,2
439,South,West South Central,US,2013-08-01,81.29429,64.00205,2,2
440,South,West South Central,US,2013-09-01,76.15166,58.593536,2,2
441,South,West South Central,US,2013-10-01,63.6975,47.263817,2,2
442,South,West South Central,US,2013-11-01,50.27936,35.116596,2,2
443,South,West South Central,US,2013-12-01,40.530266,24.921843,2,2
444,South,West South Central,US,2014-01-01,38.565807,20.161634,2,2
445,South,West South Central,US,2014-02-01,39.65571,22.225708,2,2
446,South,West South Central,US,2014-03-01,49.07133,29.145922,2,2
447,South,West South Central,US,2014-04-01,61.239475,41.563713,2,2
448,South,West South Central,US,2014-05-01,71.32786,52.01782,2,2
449,South,West South Central,US,2014-06-01,78.87824,60.82165,2,2
450,South,West South Central,US,2014-07-01,82.224915,64.17704,2,2
451,South,West South Central,US,2014-08-01,80.84622,63.50435,2,2
452,South,West South Central,US,2014-09-01,75.69442,58.238655,2,2
453,South,West South Central,US,2014-10-01,65.801765,49.327496,2,2
454,South,West South Central,US,2014-11-01,48.847008,33.220535,2,2
455,South,West South Central,US,2014-12-01,43.69592,30.92338,2,2
456,South,West South Central,US,2015-01-01,39.75209,23.66708,2,2
457,South,West South Central,US,2015-02-01,38.720665,20.061926,2,2
458,South,West South Central,US,2015-03-01,52.50699,32.869568,2,2
459,South,West South Central,US,2015-04-01,62.449833,43.59965,2,2
460,South,West South Central,US,2015-05-01,72.12955,53.33543,2,2
461,South,West South Central,US,2015-06-01,79.76712,61.935715,2,2
462,South,West South Central,US,2015-07-01,83.077896,65.57139,2,2
463,South,West South Central,US,2015-08-01,82.709694,64.27945,2,2
464,South,West South Central,US,2015-09-01,78.4553,60.464005,2,2
465,South,West South Central,US,2015-10-01,65.45173,49.266983,2,2
466,South,West South Central,US,2015-11-01,54.391712,39.458416,2,2
467,South,West South Central,US,2015-12-01,48.458126,35.103172,2,2
468,South,West South Central,US,2016-01-01,39.274536,24.255241,2,2
469,South,West South Central,US,2016-02-01,45.903133,29.12705,2,2
470,South,West South Central,US,2016-03-01,56.460552,38.427082,2,2
471,South,West South Central,US,2016-04-01,62.170242,43.301945,2,2
472,South,West South Central,US,2016-05-01,69.73598,51.51915,2,2
473,South,West South Central,US,2016-06-01,81.57324,62.33277,2,2
474,South,West South Central,US,2016-07-01,84.93402,66.87448,2,2
475,South,West South Central,US,2016-08-01,83.35387,66.44628,2,2
476,South,West South Central,US,2016-09-01,77.273186,60.41224,2,2
477,South,West South Central,US,2016-10-01,67.37902,50.68877,2,2
478,South,West South Central,US,2016-11-01,56.796062,40.87989,2,2
479,South,West South Central,US,2016-12-01,41.26404,27.313189,2,2
480,South,West South Central,US,2017-01-01,41.90498,28.098434,2,2
481,South,West South Central,US,2017-02-01,49.888683,32.741917,2,2
482,South,West South Central,US,2017-03-01,52.841038,34.781094,2,2
483,South,West South Central,US,2017-04-01,64.13421,45.215446,2,2
484,South,West South Central,US,2017-05-01,69.75774,51.04952,2,2
485,South,West South Central,US,2017-06-01,79.35568,60.654152,2,2
486,South,West South Central,US,2017-07-01,83.95581,65.75623,2,2
487,South,West South Central,US,2017-08-01,80.32645,63.017067,2,2
488,South,West South Central,US,2017-09-01,76.14651,58.461975,2,2
489,South,West South Central,US,2017-10-01,66.55485,49.371624,2,2
490,South,West South Central,US,2017-11-01,53.514507,37.586212,2,2
491,South,West South Central,US,2017-12-01,42.017296,27.360903,2,2
492,South,West South Central,US,2018-01-01,40.195778,23.562857,2,2
493,South,West South Central,US,2018-02-01,46.72872,29.193977,2,2
494,South,West South Central,US,2018-03-01,49.48081,32.33441,2,2
495,South,West South Central,US,2018-04-01,58.484093,38.418507,2,2
496,South,West South Central,US,2018-05-01,75.25075,55.555325,2,2
497,South,West South Central,US,2018-06-01,80.67021,61.7048,2,2
498,South,West South Central,US,2018-07-01,84.311775,65.721565,2,2
499,South,West South Central,US,2018-08-01,82.67504,65.13591,2,2
500,South,West South Central,US,2018-09-01,76.80097,60.421917,2,2
501,South,West South Central,US,2018-10-01,62.845207,47.35394,2,2
502,South,West South Central,US,2018-11-01,48.028564,33.698154,2,2
503,South,West South Central,US,2018-12-01,43.19066,29.248796,2,2
504,South,West South Central,US,2019-01-01,39.73206,24.050486,2,2
505,South,West South Central,US,2019-02-01,41.84358,25.524523,2,2
506,South,West South Central,US,2019-03-01,48.798893,30.879896,2,2
507,South,West South Central,US,2019-04-01,62.269325,43.275093,2,2
508,South,West South Central,US,2019-05-01,69.7147,51.565434,2,2
509,South,West South Central,US,2019-06-01,78.176506,59.66433,2,2
510,South,West South Central,US,2019-07-01,84.53965,65.99333,2,2
511,South,West South Central,US,2019-08-01,82.84969,64.44682,2,2
512,South,West South Central,US,2019-09-01,78.86868,60.478626,2,2
513,South,West South Central,US,2019-10-01,63.40115,46.442154,2,2
514,South,West South Central,US,2019-11-01,50.071445,33.57839,2,2
515,South,West South Central,US,2019-12-01,44.53673,29.925077,2,2
516,South,West South Central,US,2020-01-01,43.038433,28.764698,2,2
517,South,West South Central,US,2020-02-01,44.830307,28.132536,2,2
518,South,West South Central,US,2020-03-01,55.099632,37.56728,2,2
519,South,West South Central,US,2020-04-01,59.88827,40.586918,2,2
520,South,West South Central,US,2020-05-01,69.80334,50.48561,2,2
521,South,West South Central,US,2020-06-01,80.46792,60.878918,2,2
522,South,West South Central,US,2020-07-01,85.53074,66.678604,2,2
523,South,West South Central,US,2020-08-01,83.68024,65.03401,2,2
524,South,West South Central,US,2020-09-01,76.037384,57.46468,2,2
525,South,West South Central,US,2020-10-01,64.476654,47.113594,2,2
526,South,West South Central,US,2020-11-01,56.240623,39.49886,2,2
527,South,West South Central,US,2020-12-01,44.279423,29.150827,2,2
528,Northeast,New England,US,2010-01-01,36.937668,22.68431,0,0
529,Northeast,New England,US,2010-02-01,38.076675,23.072702,0,0
530,Northeast,New England,US,2010-03-01,52.501175,34.194633,0,0
531,Northeast,New England,US,2010-04-01,64.33341,44.25436,0,0
532,Northeast,New England,US,2010-05-01,71.21372,52.538177,0,0
533,Northeast,New England,US,2010-06-01,80.72977,62.77771,0,0
534,Northeast,New England,US,2010-07-01,84.79057,66.902374,0,0
535,Northeast,New England,US,2010-08-01,83.88784,66.07894,0,0
536,Northeast,New England,US,2010-09-01,77.41048,59.109478,0,0
537,Northeast,New England,US,2010-10-01,66.02441,48.25433,0,0
538,Northeast,New England,US,2010-11-01,52.30418,36.416477,0,0
539,Northeast,New England,US,2010-12-01,38.474895,24.863665,0,0
540,Northeast,New England,US,2011-01-01,36.313534,21.066587,0,0
541,Northeast,New England,US,2011-02-01,42.636295,24.629112,0,0
542,Northeast,New England,US,2011-03-01,50.95763,33.4567,0,0
543,Northeast,New England,US,2011-04-01,62.267063,43.468475,0,0
544,Northeast,New England,US,2011-05-01,69.74315,51.4604,0,0
545,Northeast,New England,US,2011-06-01,79.98577,61.15583,0,0
546,Northeast,New England,US,2011-07-01,86.217705,67.62363,0,0
547,Northeast,New England,US,2011-08-01,84.0087,65.868706,0,0
548,Northeast,New England,US,2011-09-01,75.506004,58.293713,0,0
549,Northeast,New England,US,2011-10-01,64.195885,47.466927,0,0
550,Northeast,New England,US,2011-11-01,53.815475,38.06377,0,0
551,Northeast,New England,US,2011-12-01,45.00038,30.273228,0,0
552,Northeast,New England,US,2012-01-01,44.223515,27.548407,0,0
553,Northeast,New England,US,2012-02-01,46.161205,29.881369,0,0
554,Northeast,New England,US,2012-03-01,59.99025,41.062523,0,0
555,Northeast,New England,US,2012-04-01,64.24842,44.52936,0,0
556,Northeast,New England,US,2012-05-01,74.034744,54.765865,0,0
557,Northeast,New England,US,2012-06-01,80.776474,60.855713,0,0
558,Northeast,New England,US,2012-07-01,86.77108,68.06401,0,0
559,Northeast,New England,US,2012-08-01,83.5526,64.89278,0,0
560,Northeast,New England,US,2012-09-01,76.08401,57.84889,0,0
561,Northeast,New England,US,2012-10-01,63.75408,47.426395,0,0
562,Northeast,New England,US,2012-11-01,52.389538,36.02224,0,0
563,Northeast,New England,US,2012-12-01,44.68894,31.060001,0,0
564,Northeast,New England,US,2013-01-01,41.34425,25.305923,0,0
565,Northeast,New England,US,2013-02-01,42.122578,25.856842,0,0
566,Northeast,New England,US,2013-03-01,47.98097,30.25336,0,0
567,Northeast,New England,US,2013-04-01,59.575005,40.406654,0,0
568,Northeast,New England,US,2013-05-01,70.432755,51.55353,0,0
569,Northeast,New England,US,2013-06-01,79.17718,61.410885,0,0
570,Northeast,New England,US,2013-07-01,82.80203,66.03761,0,0
571,Northeast,New England,US,2013-08-01,81.29429,64.00205,0,0
572,Northeast,New England,US,2013-09-01,76.15166,58.593536,0,0
573,Northeast,New England,US,2013-10-01,63.6975,47.263817,0,0
574,Northeast,New England,US,2013-11-01,50.27936,35.116596,0,0
575,Northeast,New England,US,2013-12-01,40.530266,24.921843,0,0
576,Northeast,New England,US,2014-01-01,38.565807,20.161634,0,0
577,Northeast,New England,US,2014-02-01,39.65571,22.225708,0,0
578,Northeast,New England,US,2014-03-01,49.07133,29.145922,0,0
579,Northeast,New England,US,2014-04-01,61.239475,41.563713,0,0
580,Northeast,New England,US,2014-05-01,71.32786,52.01782,0,0
581,Northeast,New England,US,2014-06-01,78.87824,60.82165,0,0
582,Northeast,New England,US,2014-07-01,82.224915,64.17704,0,0
583,Northeast,New England,US,2014-08-01,80.84622,63.50435,0,0
584,Northeast,New England,US,2014-09-01,75.69442,58.238655,0,0
585,Northeast,New England,US,2014-10-01,65.801765,49.327496,0,0
586,Northeast,New England,US,2014-11-01,48.847008,33.220535,0,0
587,Northeast,New England,US,2014-12-01,43.69592,30.92338,0,0
588,Northeast,New England,US,2015-01-01,39.75209,23.66708,0,0
589,Northeast,New England,US,2015-02-01,38.720665,20.061926,0,0
590,Northeast,New England,US,2015-03-01,52.50699,32.869568,0,0
591,Northeast,New England,US,2015-04-01,62.449833,43.59965,0,0
592,Northeast,New England,US,2015-05-01,72.12955,53.33543,0,0
593,Northeast,New England,US,2015-06-01,79.76712,61.935715,0,0
594,Northeast,New England,US,2015-07-01,83.077896,65.57139,0,0
595,Northeast,New England,US,2015-08-01,82.709694,64.27945,0,0
596,Northeast,New England,US,2015-09-01,78.4553,60.464005,0,0
597,Northeast,New England,US,2015-10-01,65.45173,49.266983,0,0
598,Northeast,New England,US,2015-11-01,54.391712,39.458416,0,0
599,Northeast,New England,US,2015-12-01,48.458126,35.103172,0,0
600,Northeast,New England,US,2016-01-01,39.274536,24.255241,0,0
601,Northeast,New England,US,2016-02-01,45.903133,29.12705,0,0
602,Northeast,New England,US,2016-03-01,56.460552,38.427082,0,0
603,Northeast,New England,US,2016-04-01,62.170242,43.301945,0,0
604,Northeast,New England,US,2016-05-01,69.73598,51.51915,0,0
605,Northeast,New England,US,2016-06-01,81.57324,62.33277,0,0
606,Northeast,New England,US,2016-07-01,84.93402,66.87448,0,0
607,Northeast,New England,US,2016-08-01,83.35387,66.44628,0,0
608,Northeast,New England,US,2016-09-01,77.273186,60.41224,0,0
609,Northeast,New England,US,2016-10-01,67.37902,50.68877,0,0
610,Northeast,New England,US,2016-11-01,56.796062,40.87989,0,0
611,Northeast,New England,US,2016-12-01,41.26404,27.313189,0,0
612,Northeast,New England,US,2017-01-01,41.90498,28.098434,0,0
613,Northeast,New England,US,2017-02-01,49.888683,32.741917,0,0
614,Northeast,New England,US,2017-03-01,52.841038,34.781094,0,0
615,Northeast,New England,US,2017-04-01,64.13421,45.215446,0,0
616,Northeast,New England,US,2017-05-01,69.75774,51.04952,0,0
617,Northeast,New England,US,2017-06-01,79.35568,60.654152,0,0
618,Northeast,New England,US,2017-07-01,83.95581,65.75623,0,0
619,Northeast,New England,US,2017-08-01,80.32645,63.017067,0,0
620,Northeast,New England,US,2017-09-01,76.14651,58.461975,0,0
621,Northeast,New England,US,2017-10-01,66.55485,49.371624,0,0
622,Northeast,New England,US,2017-11-01,53.514507,37.586212,0,0
623,Northeast,New England,US,2017-12-01,42.017296,27.360903,0,0
624,Northeast,New England,US,2018-01-01,40.195778,23.562857,0,0
625,Northeast,New England,US,2018-02-01,46.72872,29.193977,0,0
626,Northeast,New England,US,2018-03-01,49.48081,32.33441,0,0
627,Northeast,New England,US,2018-04-01,58.484093,38.418507,0,0
628,Northeast,New England,US,2018-05-01,75.25075,55.555325,0,0
629,Northeast,New England,US,2018-06-01,80.67021,61.7048,0,0
630,Northeast,New England,US,2018-07-01,84.311775,65.721565,0,0
631,Northeast,New England,US,2018-08-01,82.67504,65.13591,0,0
632,Northeast,New England,US,2018-09-01,76.80097,60.421917,0,0
633,Northeast,New England,US,2018-10-01,62.845207,47.35394,0,0
634,Northeast,New England,US,2018-11-01,48.028564,33.698154,0,0
635,Northeast,New England,US,2018-12-01,43.19066,29.248796,0,0
636,Northeast,New England,US,2019-01-01,39.73206,24.050486,0,0
637,Northeast,New England,US,2019-02-01,41.84358,25.524523,0,0
638,Northeast,New England,US,2019-03-01,48.798893,30.879896,0,0
639,Northeast,New England,US,2019-04-01,62.269325,43.275093,0,0
640,Northeast,New England,US,2019-05-01,69.7147,51.565434,0,0
641,Northeast,New England,US,2019-06-01,78.176506,59.66433,0,0
642,Northeast,New England,US,2019-07-01,84.53965,65.99333,0,0
643,Northeast,New England,US,2019-08-01,82.84969,64.44682,0,0
644,Northeast,New England,US,2019-09-01,78.86868,60.478626,0,0
645,Northeast,New England,US,2019-10-01,63.40115,46.442154,0,0
646,Northeast,New England,US,2019-11-01,50.071445,33.57839,0,0
647,Northeast,New England,US,2019-12-01,44.53673,29.925077,0,0
648,Northeast,New England,US,2020-01-01,43.038433,28.764698,0,0
649,Northeast,New England,US,2020-02-01,44.830307,28.132536,0,0
650,Northeast,New England,US,2020-03-01,55.099632,37.56728,0,0
651,Northeast,New England,US,2020-04-01,59.88827,40.586918,0,0
652,Northeast,New England,US,2020-05-01,69.80334,50.48561,0,0
653,Northeast,New England,US,2020-06-01,80.46792,60.878918,0,0
654,Northeast,New England,US,2020-07-01,85.53074,66.678604,0,0
655,Northeast,New England,US,2020-08-01,83.68024,65.03401,0,0
656,Northeast,New England,US,2020-09-01,76.037384,57.46468,0,0
657,Northeast,New England,US,2020-10-01,64.476654,47.113594,0,0
658,Northeast,New England,US,2020-11-01,56.240623,39.49886,0,0
659,Northeast,New England,US,2020-12-01,44.279423,29.150827,0,0
660,South,South Atlantic,US,2010-01-01,36.937668,22.68431,2,2
661,South,South Atlantic,US,2010-02-01,38.076675,23.072702,2,2
662,South,South Atlantic,US,2010-03-01,52.501175,34.194633,2,2
663,South,South Atlantic,US,2010-04-01,64.33341,44.25436,2,2
664,South,South Atlantic,US,2010-05-01,71.21372,52.538177,2,2
665,South,South Atlantic,US,2010-06-01,80.72977,62.77771,2,2
666,South,South Atlantic,US,2010-07-01,84.79057,66.902374,2,2
667,South,South Atlantic,US,2010-08-01,83.88784,66.07894,2,2
668,South,South Atlantic,US,2010-09-01,77.41048,59.109478,2,2
669,South,South Atlantic,US,2010-10-01,66.02441,48.25433,2,2
670,South,South Atlantic,US,2010-11-01,52.30418,36.416477,2,2
671,South,South Atlantic,US,2010-12-01,38.474895,24.863665,2,2
672,South,South Atlantic,US,2011-01-01,36.313534,21.066587,2,2
673,South,South Atlantic,US,2011-02-01,42.636295,24.629112,2,2
674,South,South Atlantic,US,2011-03-01,50.95763,33.4567,2,2
675,South,South Atlantic,US,2011-04-01,62.267063,43.468475,2,2
676,South,South Atlantic,US,2011-05-01,69.74315,51.4604,2,2
677,South,South Atlantic,US,2011-06-01,79.98577,61.15583,2,2
678,South,South Atlantic,US,2011-07-01,86.217705,67.62363,2,2
679,South,South Atlantic,US,2011-08-01,84.0087,65.868706,2,2
680,South,South Atlantic,US,2011-09-01,75.506004,58.293713,2,2
681,South,South Atlantic,US,2011-10-01,64.195885,47.466927,2,2
682,South,South Atlantic,US,2011-11-01,53.815475,38.06377,2,2
683,South,South Atlantic,US,2011-12-01,45.00038,30.273228,2,2
684,South,South Atlantic,US,2012-01-01,44.223515,27.548407,2,2
685,South,South Atlantic,US,2012-02-01,46.161205,29.881369,2,2
686,South,South Atlantic,US,2012-03-01,59.99025,41.062523,2,2
687,South,South Atlantic,US,2012-04-01,64.24842,44.52936,2,2
688,South,South Atlantic,US,2012-05-01,74.034744,54.765865,2,2
689,South,South Atlantic,US,2012-06-01,80.776474,60.855713,2,2
690,South,South Atlantic,US,2012-07-01,86.77108,68.06401,2,2
691,South,South Atlantic,US,2012-08-01,83.5526,64.89278,2,2
692,South,South Atlantic,US,2012-09-01,76.08401,57.84889,2,2
693,South,South Atlantic,US,2012-10-01,63.75408,47.426395,2,2
694,South,South Atlantic,US,2012-11-01,52.389538,36.02224,2,2
695,South,South Atlantic,US,2012-12-01,44.68894,31.060001,2,2
696,South,South Atlantic,US,2013-01-01,41.34425,25.305923,2,2
697,South,South Atlantic,US,2013-02-01,42.122578,25.856842,2,2
698,South,South Atlantic,US,2013-03-01,47.98097,30.25336,2,2
699,South,South Atlantic,US,2013-04-01,59.575005,40.406654,2,2
700,South,South Atlantic,US,2013-05-01,70.432755,51.55353,2,2
701,South,South Atlantic,US,2013-06-01,79.17718,61.410885,2,2
702,South,South Atlantic,US,2013-07-01,82.80203,66.03761,2,2
703,South,South Atlantic,US,2013-08-01,81.29429,64.00205,2,2
704,South,South Atlantic,US,2013-09-01,76.15166,58.593536,2,2
705,South,South Atlantic,US,2013-10-01,63.6975,47.263817,2,2
706,South,South Atlantic,US,2013-11-01,50.27936,35.116596,2,2
707,South,South Atlantic,US,2013-12-01,40.530266,24.921843,2,2
708,South,South Atlantic,US,2014-01-01,38.565807,20.161634,2,2
709,South,South Atlantic,US,2014-02-01,39.65571,22.225708,2,2
710,South,South Atlantic,US,2014-03-01,49.07133,29.145922,2,2
711,South,South Atlantic,US,2014-04-01,61.239475,41.563713,2,2
712,South,South Atlantic,US,2014-05-01,71.32786,52.01782,2,2
713,South,South Atlantic,US,2014-06-01,78.87824,60.82165,2,2
714,South,South Atlantic,US,2014-07-01,82.224915,64.17704,2,2
715,South,South Atlantic,US,2014-08-01,80.84622,63.50435,2,2
716,South,South Atlantic,US,2014-09-01,75.69442,58.238655,2,2
717,South,South Atlantic,US,2014-10-01,65.801765,49.327496,2,2
718,South,South Atlantic,US,2014-11-01,48.847008,33.220535,2,2
719,South,South Atlantic,US,2014-12-01,43.69592,30.92338,2,2
720,South,South Atlantic,US,2015-01-01,39.75209,23.66708,2,2
721,South,South Atlantic,US,2015-02-01,38.720665,20.061926,2,2
722,South,South Atlantic,US,2015-03-01,52.50699,32.869568,2,2
723,South,South Atlantic,US,2015-04-01,62.449833,43.59965,2,2
724,South,South Atlantic,US,2015-05-01,72.12955,53.33543,2,2
725,South,South Atlantic,US,2015-06-01,79.76712,61.935715,2,2
726,South,South Atlantic,US,2015-07-01,83.077896,65.57139,2,2
727,South,South Atlantic,US,2015-08-01,82.709694,64.27945,2,2
728,South,South Atlantic,US,2015-09-01,78.4553,60.464005,2,2
729,South,South Atlantic,US,2015-10-01,65.45173,49.266983,2,2
730,South,South Atlantic,US,2015-11-01,54.391712,39.458416,2,2
731,South,South Atlantic,US,2015-12-01,48.458126,35.103172,2,2
732,South,South Atlantic,US,2016-01-01,39.274536,24.255241,2,2
733,South,South Atlantic,US,2016-02-01,45.903133,29.12705,2,2
734,South,South Atlantic,US,2016-03-01,56.460552,38.427082,2,2
735,South,South Atlantic,US,2016-04-01,62.170242,43.301945,2,2
736,South,South Atlantic,US,2016-05-01,69.73598,51.51915,2,2
737,South,South Atlantic,US,2016-06-01,81.57324,62.33277,2,2
738,South,South Atlantic,US,2016-07-01,84.93402,66.87448,2,2
739,South,South Atlantic,US,2016-08-01,83.35387,66.44628,2,2
740,South,South Atlantic,US,2016-09-01,77.273186,60.41224,2,2
741,South,South Atlantic,US,2016-10-01,67.37902,50.68877,2,2
742,South,South Atlantic,US,2016-11-01,56.796062,40.87989,2,2
743,South,South Atlantic,US,2016-12-01,41.26404,27.313189,2,2
744,South,South Atlantic,US,2017-01-01,41.90498,28.098434,2,2
745,South,South Atlantic,US,2017-02-01,49.888683,32.741917,2,2
746,South,South Atlantic,US,2017-03-01,52.841038,34.781094,2,2
747,South,South Atlantic,US,2017-04-01,64.13421,45.215446,2,2
748,South,South Atlantic,US,2017-05-01,69.75774,51.04952,2,2
749,South,South Atlantic,US,2017-06-01,79.35568,60.654152,2,2
750,South,South Atlantic,US,2017-07-01,83.95581,65.75623,2,2
751,South,South Atlantic,US,2017-08-01,80.32645,63.017067,2,2
752,South,South Atlantic,US,2017-09-01,76.14651,58.461975,2,2
753,South,South Atlantic,US,2017-10-01,66.55485,49.371624,2,2
754,South,South Atlantic,US,2017-11-01,53.514507,37.586212,2,2
755,South,South Atlantic,US,2017-12-01,42.017296,27.360903,2,2
756,South,South Atlantic,US,2018-01-01,40.195778,23.562857,2,2
757,South,South Atlantic,US,2018-02-01,46.72872,29.193977,2,2
758,South,South Atlantic,US,2018-03-01,49.48081,32.33441,2,2
759,South,South Atlantic,US,2018-04-01,58.484093,38.418507,2,2
760,South,South Atlantic,US,2018-05-01,75.25075,55.555325,2,2
761,South,South Atlantic,US,2018-06-01,80.67021,61.7048,2,2
762,South,South Atlantic,US,2018-07-01,84.311775,65.721565,2,2
763,South,South Atlantic,US,2018-08-01,82.67504,65.13591,2,2
764,South,South Atlantic,US,2018-09-01,76.80097,60.421917,2,2
765,South,South Atlantic,US,2018-10-01,62.845207,47.35394,2,2
766,South,South Atlantic,US,2018-11-01,48.028564,33.698154,2,2
767,South,South Atlantic,US,2018-12-01,43.19066,29.248796,2,2
768,South,South Atlantic,US,2019-01-01,39.73206,24.050486,2,2
769,South,South Atlantic,US,2019-02-01,41.84358,25.524523,2,2
770,South,South Atlantic,US,2019-03-01,48.798893,30.879896,2,2
771,South,South Atlantic,US,2019-04-01,62.269325,43.275093,2,2
772,South,South Atlantic,US,2019-05-01,69.7147,51.565434,2,2
773,South,South Atlantic,US,2019-06-01,78.176506,59.66433,2,2
774,South,South Atlantic,US,2019-07-01,84.53965,65.99333,2,2
775,South,South Atlantic,US,2019-08-01,82.84969,64.44682,2,2
776,South,South Atlantic,US,2019-09-01,78.86868,60.478626,2,2
777,South,South Atlantic,US,2019-10-01,63.40115,46.442154,2,2
778,South,South Atlantic,US,2019-11-01,50.071445,33.57839,2,2
779,South,South Atlantic,US,2019-12-01,44.53673,29.925077,2,2
780,South,South Atlantic,US,2020-01-01,43.038433,28.764698,2,2
781,South,South Atlantic,US,2020-02-01,44.830307,28.132536,2,2
782,South,South Atlantic,US,2020-03-01,55.099632,37.56728,2,2
783,South,South Atlantic,US,2020-04-01,59.88827,40.586918,2,2
784,South,South Atlantic,US,2020-05-01,69.80334,50.48561,2,2
785,South,South Atlantic,US,2020-06-01,80.46792,60.878918,2,2
786,South,South Atlantic,US,2020-07-01,85.53074,66.678604,2,2
787,South,South Atlantic,US,2020-08-01,83.68024,65.03401,2,2
788,South,South Atlantic,US,2020-09-01,76.037384,57.46468,2,2
789,South,South Atlantic,US,2020-10-01,64.476654,47.113594,2,2
790,South,South Atlantic,US,2020-11-01,56.240623,39.49886,2,2
791,South,South Atlantic,US,2020-12-01,44.279423,29.150827,2,2
792,Midwest,East North Central,US,2010-01-01,36.937668,22.68431,0,0
793,Midwest,East North Central,US,2010-02-01,38.076675,23.072702,0,0
794,Midwest,East North Central,US,2010-03-01,52.501175,34.194633,0,0
795,Midwest,East North Central,US,2010-04-01,64.33341,44.25436,0,0
796,Midwest,East North Central,US,2010-05-01,71.21372,52.538177,0,0
797,Midwest,East North Central,US,2010-06-01,80.72977,62.77771,0,0
798,Midwest,East North Central,US,2010-07-01,84.79057,66.902374,0,0
799,Midwest,East North Central,US,2010-08-01,83.88784,66.07894,0,0
800,Midwest,East North Central,US,2010-09-01,77.41048,59.109478,0,0
801,Midwest,East North Central,US,2010-10-01,66.02441,48.25433,0,0
802,Midwest,East North Central,US,2010-11-01,52.30418,36.416477,0,0
803,Midwest,East North Central,US,2010-12-01,38.474895,24.863665,0,0
804,Midwest,East North Central,US,2011-01-01,36.313534,21.066587,0,0
805,Midwest,East North Central,US,2011-02-01,42.636295,24.629112,0,0
806,Midwest,East North Central,US,2011-03-01,50.95763,33.4567,0,0
807,Midwest,East North Central,US,2011-04-01,62.267063,43.468475,0,0
808,Midwest,East North Central,US,2011-05-01,69.74315,51.4604,0,0
809,Midwest,East North Central,US,2011-06-01,79.98577,61.15583,0,0
810,Midwest,East North Central,US,2011-07-01,86.217705,67.62363,0,0
811,Midwest,East North Central,US,2011-08-01,84.0087,65.868706,0,0
812,Midwest,East North Central,US,2011-09-01,75.506004,58.293713,0,0
813,Midwest,East North Central,US,2011-10-01,64.195885,47.466927,0,0
814,Midwest,East North Central,US,2011-11-01,53.815475,38.06377,0,0
815,Midwest,East North Central,US,2011-12-01,45.00038,30.273228,0,0
816,Midwest,East North Central,US,2012-01-01,44.223515,27.548407,0,0
817,Midwest,East North Central,US,2012-02-01,46.161205,29.881369,0,0
818,Midwest,East North Central,US,2012-03-01,59.99025,41.062523,0,0
819,Midwest,East North Central,US,2012-04-01,64.24842,44.52936,0,0
820,Midwest,East North Central,US,2012-05-01,74.034744,54.765865,0,0
821,Midwest,East North Central,US,2012-06-01,80.776474,60.855713,0,0
822,Midwest,East North Central,US,2012-07-01,86.77108,68.06401,0,0
823,Midwest,East North Central,US,2012-08-01,83.5526,64.89278,0,0
824,Midwest,East North Central,US,2012-09-01,76.08401,57.84889,0,0
825,Midwest,East North Central,US,2012-10-01,63.75408,47.426395,0,0
826,Midwest,East North Central,US,2012-11-01,52.389538,36.02224,0,0
827,Midwest,East North Central,US,2012-12-01,44.68894,31.060001,0,0
828,Midwest,East North Central,US,2013-01-01,41.34425,25.305923,0,0
829,Midwest,East North Central,US,2013-02-01,42.122578,25.856842,0,0
830,Midwest,East North Central,US,2013-03-01,47.98097,30.25336,0,0
831,Midwest,East North Central,US,2013-04-01,59.575005,40.406654,0,0
832,Midwest,East North Central,US,2013-05-01,70.432755,51.55353,0,0
833,Midwest,East North Central,US,2013-06-01,79.17718,61.410885,0,0
834,Midwest,East North Central,US,2013-07-01,82.80203,66.03761,0,0
835,Midwest,East North Central,US,2013-08-01,81.29429,64.00205,0,0
836,Midwest,East North Central,US,2013-09-01,76.15166,58.593536,0,0
837,Midwest,East North Central,US,2013-10-01,63.6975,47.263817,0,0
838,Midwest,East North Central,US,2013-11-01,50.27936,35.116596,0,0
839,Midwest,East North Central,US,2013-12-01,40.530266,24.921843,0,0
840,Midwest,East North Central,US,2014-01-01,38.565807,20.161634,0,0
841,Midwest,East North Central,US,2014-02-01,39.65571,22.225708,0,0
842,Midwest,East North Central,US,2014-03-01,49.07133,29.145922,0,0
843,Midwest,East North Central,US,2014-04-01,61.239475,41.563713,0,0
844,Midwest,East North Central,US,2014-05-01,71.32786,52.01782,0,0
845,Midwest,East North Central,US,2014-06-01,78.87824,60.82165,0,0
846,Midwest,East North Central,US,2014-07-01,82.224915,64.17704,0,0
847,Midwest,East North Central,US,2014-08-01,80.84622,63.50435,0,0
848,Midwest,East North Central,US,2014-09-01,75.69442,58.238655,0,0
849,Midwest,East North Central,US,2014-10-01,65.801765,49.327496,0,0
850,Midwest,East North Central,US,2014-11-01,48.847008,33.220535,0,0
851,Midwest,East North Central,US,2014-12-01,43.69592,30.92338,0,0
852,Midwest,East North Central,US,2015-01-01,39.75209,23.66708,0,0
853,Midwest,East North Central,US,2015-02-01,38.720665,20.061926,0,0
854,Midwest,East North Central,US,2015-03-01,52.50699,32.869568,0,0
855,Midwest,East North Central,US,2015-04-01,62.449833,43.59965,0,0
856,Midwest,East North Central,US,2015-05-01,72.12955,53.33543,0,0
857,Midwest,East North Central,US,2015-06-01,79.76712,61.935715,0,0
858,Midwest,East North Central,US,2015-07-01,83.077896,65.57139,0,0
859,Midwest,East North Central,US,2015-08-01,82.709694,64.27945,0,0
860,Midwest,East North Central,US,2015-09-01,78.4553,60.464005,0,0
861,Midwest,East North Central,US,2015-10-01,65.45173,49.266983,0,0
862,Midwest,East North Central,US,2015-11-01,54.391712,39.458416,0,0
863,Midwest,East North Central,US,2015-12-01,48.458126,35.103172,0,0
864,Midwest,East North Central,US,2016-01-01,39.274536,24.255241,0,0
865,Midwest,East North Central,US,2016-02-01,45.903133,29.12705,0,0
866,Midwest,East North Central,US,2016-03-01,56.460552,38.427082,0,0
867,Midwest,East North Central,US,2016-04-01,62.170242,43.301945,0,0
868,Midwest,East North Central,US,2016-05-01,69.73598,51.51915,0,0
869,Midwest,East North Central,US,2016-06-01,81.57324,62.33277,0,0
870,Midwest,East North Central,US,2016-07-01,84.93402,66.87448,0,0
871,Midwest,East North Central,US,2016-08-01,83.35387,66.44628,0,0
872,Midwest,East North Central,US,2016-09-01,77.273186,60.41224,0,0
873,Midwest,East North Central,US,2016-10-01,67.37902,50.68877,0,0
874,Midwest,East North Central,US,2016-11-01,56.796062,40.87989,0,0
875,Midwest,East North Central,US,2016-12-01,41.26404,27.313189,0,0
876,Midwest,East North Central,US,2017-01-01,41.90498,28.098434,0,0
877,Midwest,East North Central,US,2017-02-01,49.888683,32.741917,0,0
878,Midwest,East North Central,US,2017-03-01,52.841038,34.781094,0,0
879,Midwest,East North Central,US,2017-04-01,64.13421,45.215446,0,0
880,Midwest,East North Central,US,2017-05-01,69.75774,51.04952,0,0
881,Midwest,East North Central,US,2017-06-01,79.35568,60.654152,0,0
882,Midwest,East North Central,US,2017-07-01,83.95581,65.75623,0,0
883,Midwest,East North Central,US,2017-08-01,80.32645,63.017067,0,0
884,Midwest,East North Central,US,2017-09-01,76.14651,58.461975,0,0
885,Midwest,East North Central,US,2017-10-01,66.55485,49.371624,0,0
886,Midwest,East North Central,US,2017-11-01,53.514507,37.586212,0,0
887,Midwest,East North Central,US,2017-12-01,42.017296,27.360903,0,0
888,Midwest,East North Central,US,2018-01-01,40.195778,23.562857,0,0
889,Midwest,East North Central,US,2018-02-01,46.72872,29.193977,0,0
890,Midwest,East North Central,US,2018-03-01,49.48081,32.33441,0,0
891,Midwest,East North Central,US,2018-04-01,58.484093,38.418507,0,0
892,Midwest,East North Central,US,2018-05-01,75.25075,55.555325,0,0
893,Midwest,East North Central,US,2018-06-01,80.67021,61.7048,0,0
894,Midwest,East North Central,US,2018-07-01,84.311775,65.721565,0,0
895,Midwest,East North Central,US,2018-08-01,82.67504,65.13591,0,0
896,Midwest,East North Central,US,2018-09-01,76.80097,60.421917,0,0
897,Midwest,East North Central,US,2018-10-01,62.845207,47.35394,0,0
898,Midwest,East North Central,US,2018-11-01,48.028564,33.698154,0,0
899,Midwest,East North Central,US,2018-12-01,43.19066,29.248796,0,0
900,Midwest,East North Central,US,2019-01-01,39.73206,24.050486,0,0
901,Midwest,East North Central,US,2019-02-01,41.84358,25.524523,0,0
902,Midwest,East North Central,US,2019-03-01,48.798893,30.879896,0,0
903,Midwest,East North Central,US,2019-04-01,62.269325,43.275093,0,0
904,Midwest,East North Central,US,2019-05-01,69.7147,51.565434,0,0
905,Midwest,East North Central,US,2019-06-01,78.176506,59.66433,0,0
906,Midwest,East North Central,US,2019-07-01,84.53965,65.99333,0,0
907,Midwest,East North Central,US,2019-08-01,82.84969,64.44682,0,0
908,Midwest,East North Central,US,2019-09-01,78.86868,60.478626,0,0
909,Midwest,East North Central,US,2019-10-01,63.40115,46.442154,0,0
910,Midwest,East North Central,US,2019-11-01,50.071445,33.57839,0,0
911,Midwest,East North Central,US,2019-12-01,44.53673,29.925077,0,0
912,Midwest,East North Central,US,2020-01-01,43.038433,28.764698,0,0
913,Midwest,East North Central,US,2020-02-01,44.830307,28.132536,0,0
914,Midwest,East North Central,US,2020-03-01,55.099632,37.56728,0,0
915,Midwest,East North Central,US,2020-04-01,59.88827,40.586918,0,0
916,Midwest,East North Central,US,2020-05-01,69.80334,50.48561,0,0
917,Midwest,East North Central,US,2020-06-01,80.46792,60.878918,0,0
918,Midwest,East North Central,US,2020-07-01,85.53074,66.678604,0,0
919,Midwest,East North Central,US,2020-08-01,83.68024,65.03401,0,0
920,Midwest,East North Central,US,2020-09-01,76.037384,57.46468,0,0
921,Midwest,East North Central,US,2020-10-01,64.476654,47.113594,0,0
922,Midwest,East North Central,US,2020-11-01,56.240623,39.49886,0,0
923,Midwest,East North Central,US,2020-12-01,44.279423,29.150827,0,0
924,Midwest,West North Central,US,2010-01-01,36.937668,22.68431,0,0
925,Midwest,West North Central,US,2010-02-01,38.076675,23.072702,0,0
926,Midwest,West North Central,US,2010-03-01,52.501175,34.194633,0,0
927,Midwest,West North Central,US,2010-04-01,64.33341,44.25436,0,0
928,Midwest,West North Central,US,2010-05-01,71.21372,52.538177,0,0
929,Midwest,West North Central,US,2010-06-01,80.72977,62.77771,0,0
930,Midwest,West North Central,US,2010-07-01,84.79057,66.902374,0,0
931,Midwest,West North Central,US,2010-08-01,83.88784,66.07894,0,0
932,Midwest,West North Central,US,2010-09-01,77.41048,59.109478,0,0
933,Midwest,West North Central,US,2010-10-01,66.02441,48.25433,0,0
934,Midwest,West North Central,US,2010-11-01,52.30418,36.416477,0,0
935,Midwest,West North Central,US,2010-12-01,38.474895,24.863665,0,0
936,Midwest,West North Central,US,2011-01-01,36.313534,21.066587,0,0
937,Midwest,West North Central,US,2011-02-01,42.636295,24.629112,0,0
938,Midwest,West North Central,US,2011-03-01,50.95763,33.4567,0,0
939,Midwest,West North Central,US,2011-04-01,62.267063,43.468475,0,0
940,Midwest,West North Central,US,2011-05-01,69.74315,51.4604,0,0
941,Midwest,West North Central,US,2011-06-01,79.98577,61.15583,0,0
942,Midwest,West North Central,US,2011-07-01,86.217705,67.62363,0,0
943,Midwest,West North Central,US,2011-08-01,84.0087,65.868706,0,0
944,Midwest,West North Central,US,2011-09-01,75.506004,58.293713,0,0
945,Midwest,West North Central,US,2011-10-01,64.195885,47.466927,0,0
946,Midwest,West North Central,US,2011-11-01,53.815475,38.06377,0,0
947,Midwest,West North Central,US,2011-12-01,45.00038,30.273228,0,0
948,Midwest,West North Central,US,2012-01-01,44.223515,27.548407,0,0
949,Midwest,West North Central,US,2012-02-01,46.161205,29.881369,0,0
950,Midwest,West North Central,US,2012-03-01,59.99025,41.062523,0,0
951,Midwest,West North Central,US,2012-04-01,64.24842,44.52936,0,0
952,Midwest,West North Central,US,2012-05-01,74.034744,54.765865,0,0
953,Midwest,West North Central,US,2012-06-01,80.776474,60.855713,0,0
954,Midwest,West North Central,US,2012-07-01,86.77108,68.06401,0,0
955,Midwest,West North Central,US,2012-08-01,83.5526,64.89278,0,0
956,Midwest,West North Central,US,2012-09-01,76.08401,57.84889,0,0
957,Midwest,West North Central,US,2012-10-01,63.75408,47.426395,0,0
958,Midwest,West North Central,US,2012-11-01,52.389538,36.02224,0,0
959,Midwest,West North Central,US,2012-12-01,44.68894,31.060001,0,0
960,Midwest,West North Central,US,2013-01-01,41.34425,25.305923,0,0
961,Midwest,West North Central,US,2013-02-01,42.122578,25.856842,0,0
962,Midwest,West North Central,US,2013-03-01,47.98097,30.25336,0,0
963,Midwest,West North Central,US,2013-04-01,59.575005,40.406654,0,0
964,Midwest,West North Central,US,2013-05-01,70.432755,51.55353,0,0
965,Midwest,West North Central,US,2013-06-01,79.17718,61.410885,0,0
966,Midwest,West North Central,US,2013-07-01,82.80203,66.03761,0,0
967,Midwest,West North Central,US,2013-08-01,81.29429,64.00205,0,0
968,Midwest,West North Central,US,2013-09-01,76.15166,58.593536,0,0
969,Midwest,West North Central,US,2013-10-01,63.6975,47.263817,0,0
970,Midwest,West North Central,US,2013-11-01,50.27936,35.116596,0,0
971,Midwest,West North Central,US,2013-12-01,40.530266,24.921843,0,0
972,Midwest,West North Central,US,2014-01-01,38.565807,20.161634,0,0
973,Midwest,West North Central,US,2014-02-01,39.65571,22.225708,0,0
974,Midwest,West North Central,US,2014-03-01,49.07133,29.145922,0,0
975,Midwest,West North Central,US,2014-04-01,61.239475,41.563713,0,0
976,Midwest,West North Central,US,2014-05-01,71.32786,52.01782,0,0
977,Midwest,West North Central,US,2014-06-01,78.87824,60.82165,0,0
978,Midwest,West North Central,US,2014-07-01,82.224915,64.17704,0,0
979,Midwest,West North Central,US,2014-08-01,80.84622,63.50435,0,0
980,Midwest,West North Central,US,2014-09-01,75.69442,58.238655,0,0
981,Midwest,West North Central,US,2014-10-01,65.801765,49.327496,0,0
982,Midwest,West North Central,US,2014-11-01,48.847008,33.220535,0,0
983,Midwest,West North Central,US,2014-12-01,43.69592,30.92338,0,0
984,Midwest,West North Central,US,2015-01-01,39.75209,23.66708,0,0
985,Midwest,West North Central,US,2015-02-01,38.720665,20.061926,0,0
986,Midwest,West North Central,US,2015-03-01,52.50699,32.869568,0,0
987,Midwest,West North Central,US,2015-04-01,62.449833,43.59965,0,0
988,Midwest,West North Central,US,2015-05-01,72.12955,53.33543,0,0
989,Midwest,West North Central,US,2015-06-01,79.76712,61.935715,0,0
990,Midwest,West North Central,US,2015-07-01,83.077896,65.57139,0,0
991,Midwest,West North Central,US,2015-08-01,82.709694,64.27945,0,0
992,Midwest,West North Central,US,2015-09-01,78.4553,60.464005,0,0
993,Midwest,West North Central,US,2015-10-01,65.45173,49.266983,0,0
994,Midwest,West North Central,US,2015-11-01,54.391712,39.458416,0,0
995,Midwest,West North Central,US,2015-12-01,48.458126,35.103172,0,0
996,Midwest,West North Central,US,2016-01-01,39.274536,24.255241,0,0
997,Midwest,West North Central,US,2016-02-01,45.903133,29.12705,0,0
998,Midwest,West North Central,US,2016-03-01,56.460552,38.427082,0,0
999,Midwest,West North Central,US,2016-04-01,62.170242,43.301945,0,0
1000,Midwest,West North Central,US,2016-05-01,69.73598,51.51915,0,0
1001,Midwest,West North Central,US,2016-06-01,81.57324,62.33277,0,0
1002,Midwest,West North Central,US,2016-07-01,84.93402,66.87448,0,0
1003,Midwest,West North Central,US,2016-08-01,83.35387,66.44628,0,0
1004,Midwest,West North Central,US,2016-09-01,77.273186,60.41224,0,0
1005,Midwest,West North Central,US,2016-10-01,67.37902,50.68877,0,0
1006,Midwest,West North Central,US,2016-11-01,56.796062,40.87989,0,0
1007,Midwest,West North Central,US,2016-12-01,41.26404,27.313189,0,0
1008,Midwest,West North Central,US,2017-01-01,41.90498,28.098434,0,0
1009,Midwest,West North Central,US,2017-02-01,49.888683,32.741917,0,0
1010,Midwest,West North Central,US,2017-03-01,52.841038,34.781094,0,0
1011,Midwest,West North Central,US,2017-04-01,64.13421,45.215446,0,0
1012,Midwest,West North Central,US,2017-05-01,69.75774,51.04952,0,0
1013,Midwest,West North Central,US,2017-06-01,79.35568,60.654152,0,0
1014,Midwest,West North Central,US,2017-07-01,83.95581,65.75623,0,0
1015,Midwest,West North Central,US,2017-08-01,80.32645,63.017067,0,0
1016,Midwest,West North Central,US,2017-09-01,76.14651,58.461975,0,0
1017,Midwest,West North Central,US,2017-10-01,66.55485,49.371624,0,0
1018,Midwest,West North Central,US,2017-11-01,53.514507,37.586212,0,0
1019,Midwest,West North Central,US,2017-12-01,42.017296,27.360903,0,0
1020,Midwest,West North Central,US,2018-01-01,40.195778,23.562857,0,0
1021,Midwest,West North Central,US,2018-02-01,46.72872,29.193977,0,0
1022,Midwest,West North Central,US,2018-03-01,49.48081,32.33441,0,0
1023,Midwest,West North Central,US,2018-04-01,58.484093,38.418507,0,0
1024,Midwest,West North Central,US,2018-05-01,75.25075,55.555325,0,0
1025,Midwest,West North Central,US,2018-06-01,80.67021,61.7048,0,0
1026,Midwest,West North Central,US,2018-07-01,84.311775,65.721565,0,0
1027,Midwest,West North Central,US,2018-08-01,82.67504,65.13591,0,0
1028,Midwest,West North Central,US,2018-09-01,76.80097,60.421917,0,0
1029,Midwest,West North Central,US,2018-10-01,62.845207,47.35394,0,0
1030,Midwest,West North Central,US,2018-11-01,48.028564,33.698154,0,0
1031,Midwest,West North Central,US,2018-12-01,43.19066,29.248796,0,0
1032,Midwest,West North Central,US,2019-01-01,39.73206,24.050486,0,0
1033,Midwest,West North Central,US,2019-02-01,41.84358,25.524523,0,0
1034,Midwest,West North Central,US,2019-03-01,48.798893,30.879896,0,0
1035,Midwest,West North Central,US,2019-04-01,62.269325,43.275093,0,0
1036,Midwest,West North Central,US,2019-05-01,69.7147,51.565434,0,0
1037,Midwest,West North Central,US,2019-06-01,78.176506,59.66433,0,0
1038,Midwest,West North Central,US,2019-07-01,84.53965,65.99333,0,0
1039,Midwest,West North Central,US,2019-08-01,82.84969,64.44682,0,0
1040,Midwest,West North Central,US,2019-09-01,78.86868,60.478626,0,0
1041,Midwest,West North Central,US,2019-10-01,63.40115,46.442154,0,0
1042,Midwest,West North Central,US,2019-11-01,50.071445,33.57839,0,0
1043,Midwest,West North Central,US,2019-12-01,44.53673,29.925077,0,0
1044,Midwest,West North Central,US,2020-01-01,43.038433,28.764698,0,0
1045,Midwest,West North Central,US,2020-02-01,44.830307,28.132536,0,0
1046,Midwest,West North Central,US,2020-03-01,55.099632,37.56728,0,0
1047,Midwest,West North Central,US,2020-04-01,59.88827,40.586918,0,0
1048,Midwest,West North Central,US,2020-05-01,69.80334,50.48561,0,0
1049,Midwest,West North Central,US,2020-06-01,80.46792,60.878918,0,0
1050,Midwest,West North Central,US,2020-07-01,85.53074,66.678604,0,0
1051,Midwest,West North Central,US,2020-08-01,83.68024,65.03401,0,0
1052,Midwest,West North Central,US,2020-09-01,76.037384,57.46468,0,0
1053,Midwest,West North Central,US,2020-10-01,64.476654,47.113594,0,0
1054,Midwest,West North Central,US,2020-11-01,56.240623,39.49886,0,0
1055,Midwest,West North Central,US,2020-12-01,44.279423,29.150827,0,0
1056,Northeast,Middle Atlantic,US,2010-01-01,36.937668,22.68431,0,0
1057,Northeast,Middle Atlantic,US,2010-02-01,38.076675,23.072702,0,0
1058,Northeast,Middle Atlantic,US,2010-03-01,52.501175,34.194633,0,0
1059,Northeast,Middle Atlantic,US,2010-04-01,64.33341,44.25436,0,0
1060,Northeast,Middle Atlantic,US,2010-05-01,71.21372,52.538177,0,0
1061,Northeast,Middle Atlantic,US,2010-06-01,80.72977,62.77771,0,0
1062,Northeast,Middle Atlantic,US,2010-07-01,84.79057,66.902374,0,0
1063,Northeast,Middle Atlantic,US,2010-08-01,83.88784,66.07894,0,0
1064,Northeast,Middle Atlantic,US,2010-09-01,77.41048,59.109478,0,0
1065,Northeast,Middle Atlantic,US,2010-10-01,66.02441,48.25433,0,0
1066,Northeast,Middle Atlantic,US,2010-11-01,52.30418,36.416477,0,0
1067,Northeast,Middle Atlantic,US,2010-12-01,38.474895,24.863665,0,0
1068,Northeast,Middle Atlantic,US,2011-01-01,36.313534,21.066587,0,0
1069,Northeast,Middle Atlantic,US,2011-02-01,42.636295,24.629112,0,0
1070,Northeast,Middle Atlantic,US,2011-03-01,50.95763,33.4567,0,0
1071,Northeast,Middle Atlantic,US,2011-04-01,62.267063,43.468475,0,0
1072,Northeast,Middle Atlantic,US,2011-05-01,69.74315,51.4604,0,0
1073,Northeast,Middle Atlantic,US,2011-06-01,79.98577,61.15583,0,0
1074,Northeast,Middle Atlantic,US,2011-07-01,86.217705,67.62363,0,0
1075,Northeast,Middle Atlantic,US,2011-08-01,84.0087,65.868706,0,0
1076,Northeast,Middle Atlantic,US,2011-09-01,75.506004,58.293713,0,0
1077,Northeast,Middle Atlantic,US,2011-10-01,64.195885,47.466927,0,0
1078,Northeast,Middle Atlantic,US,2011-11-01,53.815475,38.06377,0,0
1079,Northeast,Middle Atlantic,US,2011-12-01,45.00038,30.273228,0,0
1080,Northeast,Middle Atlantic,US,2012-01-01,44.223515,27.548407,0,0
1081,Northeast,Middle Atlantic,US,2012-02-01,46.161205,29.881369,0,0
1082,Northeast,Middle Atlantic,US,2012-03-01,59.99025,41.062523,0,0
1083,Northeast,Middle Atlantic,US,2012-04-01,64.24842,44.52936,0,0
1084,Northeast,Middle Atlantic,US,2012-05-01,74.034744,54.765865,0,0
1085,Northeast,Middle Atlantic,US,2012-06-01,80.776474,60.855713,0,0
1086,Northeast,Middle Atlantic,US,2012-07-01,86.77108,68.06401,0,0
1087,Northeast,Middle Atlantic,US,2012-08-01,83.5526,64.89278,0,0
1088,Northeast,Middle Atlantic,US,2012-09-01,76.08401,57.84889,0,0
1089,Northeast,Middle Atlantic,US,2012-10-01,63.75408,47.426395,0,0
1090,Northeast,Middle Atlantic,US,2012-11-01,52.389538,36.02224,0,0
1091,Northeast,Middle Atlantic,US,2012-12-01,44.68894,31.060001,0,0
1092,Northeast,Middle Atlantic,US,2013-01-01,41.34425,25.305923,0,0
1093,Northeast,Middle Atlantic,US,2013-02-01,42.122578,25.856842,0,0
1094,Northeast,Middle Atlantic,US,2013-03-01,47.98097,30.25336,0,0
1095,Northeast,Middle Atlantic,US,2013-04-01,59.575005,40.406654,0,0
1096,Northeast,Middle Atlantic,US,2013-05-01,70.432755,51.55353,0,0
1097,Northeast,Middle Atlantic,US,2013-06-01,79.17718,61.410885,0,0
1098,Northeast,Middle Atlantic,US,2013-07-01,82.80203,66.03761,0,0
1099,Northeast,Middle Atlantic,US,2013-08-01,81.29429,64.00205,0,0
1100,Northeast,Middle Atlantic,US,2013-09-01,76.15166,58.593536,0,0
1101,Northeast,Middle Atlantic,US,2013-10-01,63.6975,47.263817,0,0
1102,Northeast,Middle Atlantic,US,2013-11-01,50.27936,35.116596,0,0
1103,Northeast,Middle Atlantic,US,2013-12-01,40.530266,24.921843,0,0
1104,Northeast,Middle Atlantic,US,2014-01-01,38.565807,20.161634,0,0
1105,Northeast,Middle Atlantic,US,2014-02-01,39.65571,22.225708,0,0
1106,Northeast,Middle Atlantic,US,2014-03-01,49.07133,29.145922,0,0
1107,Northeast,Middle Atlantic,US,2014-04-01,61.239475,41.563713,0,0
1108,Northeast,Middle Atlantic,US,2014-05-01,71.32786,52.01782,0,0
1109,Northeast,Middle Atlantic,US,2014-06-01,78.87824,60.82165,0,0
1110,Northeast,Middle Atlantic,US,2014-07-01,82.224915,64.17704,0,0
1111,Northeast,Middle Atlantic,US,2014-08-01,80.84622,63.50435,0,0
1112,Northeast,Middle Atlantic,US,2014-09-01,75.69442,58.238655,0,0
1113,Northeast,Middle Atlantic,US,2014-10-01,65.801765,49.327496,0,0
1114,Northeast,Middle Atlantic,US,2014-11-01,48.847008,33.220535,0,0
1115,Northeast,Middle Atlantic,US,2014-12-01,43.69592,30.92338,0,0
1116,Northeast,Middle Atlantic,US,2015-01-01,39.75209,23.66708,0,0
1117,Northeast,Middle Atlantic,US,2015-02-01,38.720665,20.061926,0,0
1118,Northeast,Middle Atlantic,US,2015-03-01,52.50699,32.869568,0,0
1119,Northeast,Middle Atlantic,US,2015-04-01,62.449833,43.59965,0,0
1120,Northeast,Middle Atlantic,US,2015-05-01,72.12955,53.33543,0,0
1121,Northeast,Middle Atlantic,US,2015-06-01,79.76712,61.935715,0,0
1122,Northeast,Middle Atlantic,US,2015-07-01,83.077896,65.57139,0,0
1123,Northeast,Middle Atlantic,US,2015-08-01,82.709694,64.27945,0,0
1124,Northeast,Middle Atlantic,US,2015-09-01,78.4553,60.464005,0,0
1125,Northeast,Middle Atlantic,US,2015-10-01,65.45173,49.266983,0,0
1126,Northeast,Middle Atlantic,US,2015-11-01,54.391712,39.458416,0,0
1127,Northeast,Middle Atlantic,US,2015-12-01,48.458126,35.103172,0,0
1128,Northeast,Middle Atlantic,US,2016-01-01,39.274536,24.255241,0,0
1129,Northeast,Middle Atlantic,US,2016-02-01,45.903133,29.12705,0,0
1130,Northeast,Middle Atlantic,US,2016-03-01,56.460552,38.427082,0,0
1131,Northeast,Middle Atlantic,US,2016-04-01,62.170242,43.301945,0,0
1132,Northeast,Middle Atlantic,US,2016-05-01,69.73598,51.51915,0,0
1133,Northeast,Middle Atlantic,US,2016-06-01,81.57324,62.33277,0,0
1134,Northeast,Middle Atlantic,US,2016-07-01,84.93402,66.87448,0,0
1135,Northeast,Middle Atlantic,US,2016-08-01,83.35387,66.44628,0,0
1136,Northeast,Middle Atlantic,US,2016-09-01,77.273186,60.41224,0,0
1137,Northeast,Middle Atlantic,US,2016-10-01,67.37902,50.68877,0,0
1138,Northeast,Middle Atlantic,US,2016-11-01,56.796062,40.87989,0,0
1139,Northeast,Middle Atlantic,US,2016-12-01,41.26404,27.313189,0,0
1140,Northeast,Middle Atlantic,US,2017-01-01,41.90498,28.098434,0,0
1141,Northeast,Middle Atlantic,US,2017-02-01,49.888683,32.741917,0,0
1142,Northeast,Middle Atlantic,US,2017-03-01,52.841038,34.781094,0,0
1143,Northeast,Middle Atlantic,US,2017-04-01,64.13421,45.215446,0,0
1144,Northeast,Middle Atlantic,US,2017-05-01,69.75774,51.04952,0,0
1145,Northeast,Middle Atlantic,US,2017-06-01,79.35568,60.654152,0,0
1146,Northeast,Middle Atlantic,US,2017-07-01,83.95581,65.75623,0,0
1147,Northeast,Middle Atlantic,US,2017-08-01,80.32645,63.017067,0,0
1148,Northeast,Middle Atlantic,US,2017-09-01,76.14651,58.461975,0,0
1149,Northeast,Middle Atlantic,US,2017-10-01,66.55485,49.371624,0,0
1150,Northeast,Middle Atlantic,US,2017-11-01,53.514507,37.586212,0,0
1151,Northeast,Middle Atlantic,US,2017-12-01,42.017296,27.360903,0,0
1152,Northeast,Middle Atlantic,US,2018-01-01,40.195778,23.562857,0,0
1153,Northeast,Middle Atlantic,US,2018-02-01,46.72872,29.193977,0,0
1154,Northeast,Middle Atlantic,US,2018-03-01,49.48081,32.33441,0,0
1155,Northeast,Middle Atlantic,US,2018-04-01,58.484093,38.418507,0,0
1156,Northeast,Middle Atlantic,US,2018-05-01,75.25075,55.555325,0,0
1157,Northeast,Middle Atlantic,US,2018-06-01,80.67021,61.7048,0,0
1158,Northeast,Middle Atlantic,US,2018-07-01,84.311775,65.721565,0,0
1159,Northeast,Middle Atlantic,US,2018-08-01,82.67504,65.13591,0,0
1160,Northeast,Middle Atlantic,US,2018-09-01,76.80097,60.421917,0,0
1161,Northeast,Middle Atlantic,US,2018-10-01,62.845207,47.35394,0,0
1162,Northeast,Middle Atlantic,US,2018-11-01,48.028564,33.698154,0,0
1163,Northeast,Middle Atlantic,US,2018-12-01,43.19066,29.248796,0,0
1164,Northeast,Middle Atlantic,US,2019-01-01,39.73206,24.050486,0,0
1165,Northeast,Middle Atlantic,US,2019-02-01,41.84358,25.524523,0,0
1166,Northeast,Middle Atlantic,US,2019-03-01,48.798893,30.879896,0,0
1167,Northeast,Middle Atlantic,US,2019-04-01,62.269325,43.275093,0,0
1168,Northeast,Middle Atlantic,US,2019-05-01,69.7147,51.565434,0,0
1169,Northeast,Middle Atlantic,US,2019-06-01,78.176506,59.66433,0,0
1170,Northeast,Middle Atlantic,US,2019-07-01,84.53965,65.99333,0,0
1171,Northeast,Middle Atlantic,US,2019-08-01,82.84969,64.44682,0,0
1172,Northeast,Middle Atlantic,US,2019-09-01,78.86868,60.478626,0,0
1173,Northeast,Middle Atlantic,US,2019-10-01,63.40115,46.442154,0,0
1174,Northeast,Middle Atlantic,US,2019-11-01,50.071445,33.57839,0,0
1175,Northeast,Middle Atlantic,US,2019-12-01,44.53673,29.925077,0,0
1176,Northeast,Middle Atlantic,US,2020-01-01,43.038433,28.764698,0,0
1177,Northeast,Middle Atlantic,US,2020-02-01,44.830307,28.132536,0,0
1178,Northeast,Middle Atlantic,US,2020-03-01,55.099632,37.56728,0,0
1179,Northeast,Middle Atlantic,US,2020-04-01,59.88827,40.586918,0,0
1180,Northeast,Middle Atlantic,US,2020-05-01,69.80334,50.48561,0,0
1181,Northeast,Middle Atlantic,US,2020-06-01,80.46792,60.878918,0,0
1182,Northeast,Middle Atlantic,US,2020-07-01,85.53074,66.678604,0,0
1183,Northeast,Middle Atlantic,US,2020-08-01,83.68024,65.03401,0,0
1184,Northeast,Middle Atlantic,US,2020-09-01,76.037384,57.46468,0,0
1185,Northeast,Middle Atlantic,US,2020-10-01,64.476654,47.113594,0,0
1186,Northeast,Middle Atlantic,US,2020-11-01,56.240623,39.49886,0,0
1187,Northeast,Middle Atlantic,US,2020-12-01,44.279423,29.150827,0,0
