State Abbreviation,2011(C),2012(C),2013(C),2014(C),2015(C),2016(C),2017(C),2018(C),2019(C),2020(C),2011(G),2012(G),2013(G),2014(G),2015(G),2016(G),2017(G),2018(G),2019(G),2020(G),2011(P),2012(P),2013(P),2014(P),2015(P),2016(P),2017(P),2018(P),2019(P),2020(P),2011(N),2012(N),2013(N),2014(N),2015(N),2016(N),2017(N),2018(N),2019(N),2020(N),2011(TR),2012(TR),2013(TR),2014(TR),2015(TR),2016(TR),2017(TR),2018(TR),2019(TR),2020(TR),2011(BM),2012(BM),2013(BM),2014(BM),2015(BM),2016(BM),2017(BM),2018(BM),2019(BM),2020(BM),2011(GT),2012(GT),2013(GT),2014(GT),2015(GT),2016(GT),2017(GT),2018(GT),2019(GT),2020(GT),2011(HP),2012(HP),2013(HP),2014(HP),2015(HP),2016(HP),2017(HP),2018(HP),2019(HP),2020(HP),2011(S),2012(S),2013(S),2014(S),2015(S),2016(S),2017(S),2018(S),2019(S),2020(S),2011(W),2012(W),2013(W),2014(W),2015(W),2016(W),2017(W),2018(W),2019(W),2020(W),State,2010_LungBronchus,2010_AllSites,2011_LungBronchus,2011_AllSites,2012_LungBronchus,2012_AllSites,2013_LungBronchus,2013_AllSites,2014_LungBronchus,2014_AllSites,2015_LungBronchus,2015_AllSites,2016_LungBronchus,2016_AllSites,2017_LungBronchus,2017_AllSites,2018_LungBronchus,2018_AllSites,2019_LungBronchus,2019_AllSites,2020_LungBronchus,2020_AllSites
AK,15481,15521,14819,18225,19511,16613,16376,17325,17620,18527,339819,347228,332631,329274,333936,330883,343899,346255,343384,373567,268848,250063,230765,226102,235839,219837,216452,215613,220818,222323,0,0,0,0,0,0,0,0,0,0,16702,17831,18931,22760,23819,26254,24447,24996,23608,25527,3299,2298,3660,6494,7530,9181,7802,8231,7668,8687,214,186,186,186,186,186,186,186,186,186,13066,14988,13696,14632,14613,15311,15135,15141,14446,15465,3,3,3,3,3,14,20,28,40,62,121,356,1386,1445,1487,1562,1305,1410,1269,1127,Alaska,360,2860,380,3090,490,3640,470,3290,430,3750,420,3700,440,3330,450,3600,460,3550,400,3090,400,2960
AL,651032,547004,565051,575912,494311,410168,378890,377152,317180,256687,609288,677380,625869,650570,701582,715033,681208,771194,748731,714871,521337,513993,492294,490328,511742,538953,530370,518687,529319,525878,411822,427975,426488,431368,438728,417334,446097,412584,455865,454930,279972,265964,336863,293890,284365,259513,285081,301170,298545,308209,193453,194992,213553,203628,192270,194485,198072,196226,193284,187599,135,141,141,141,141,141,141,141,141,141,86313,70754,123071,90020,91853,64456,85057,101380,101495,117032,71,77,98,100,101,431,1811,3423,3625,3437,0,0,0,0,0,0,0,0,0,0,Alabama,4160,23640,4240,25530,4440,26440,4550,27080,4160,26770,4150,26150,4220,27020,3880,26160,4190,27830,4150,28950,4230,28570
AR,306119,296732,327099,339214,226889,246437,267591,304145,239798,161980,288906,300572,288045,273009,296826,315617,317530,366939,371388,335441,337961,321213,321254,325319,314414,322808,321210,326432,330550,315440,148531,162353,124816,151428,144716,140370,132736,132996,141750,157349,135133,125377,132370,131625,129264,127831,121635,124834,132189,118123,105562,103550,106124,105604,95088,93707,93283,94536,92332,74385,750,808,808,808,808,808,808,808,808,808,28738,20921,25329,25102,33243,32944,27102,27374,36795,39720,84,98,108,111,124,372,442,2116,2254,3209,0,0,0,0,0,0,0,0,0,0,Arkansas,2620,15320,2660,16070,2760,16120,2700,16330,2660,16520,2620,15830,2610,16460,2620,16040,2720,16130,2690,16580,2760,17200
AZ,459909,420570,454865,447849,385822,323878,334512,331492,257727,156821,293134,339043,340375,315916,365313,373916,334629,400531,484249,513539,552991,538460,543380,543552,557369,576213,583258,590247,607131,544270,327292,334636,328423,338044,340153,338636,338246,325122,333312,329597,129110,114315,119753,139836,149031,162028,172736,179533,174570,177618,29754,27209,27187,33300,35397,37709,37953,40107,40871,35235,345,345,345,345,345,345,345,345,345,345,89135,63918,56432,58179,60874,66144,62908,63524,55213,56316,7393,17784,31499,43562,48205,52832,66282,70733,73207,80075,2483,5059,4291,4451,4210,4998,5248,4824,4933,5647,Arizona,4030,29780,3820,31550,3970,31990,4250,34010,4280,32830,3740,32440,3980,32510,3940,35810,4460,34740,4290,37490,4200,36730
CA,55264,43832,38151,39486,30967,32077,33663,33256,30886,28034,2196252,2456371,2480792,2409574,2384061,2248939,2190994,2209801,2218732,2151068,3174345,3079327,3096230,3083503,3201112,3315378,3392689,3409954,3395439,2688622,383644,193939,187162,177656,193529,197754,187227,190422,168799,169838,953565,818490,897358,903692,911138,1116287,1314777,1213958,1373488,1244897,299705,296354,343657,349289,344065,349253,357861,357070,405324,400214,124092,121269,119556,117214,112818,107867,108579,108375,99263,101789,413488,255384,226643,157197,128612,267078,390080,239556,341319,187416,40964,52660,85168,156446,211736,267428,340183,381368,405353,436394,75317,92821,122335,123546,113906,124661,118074,127590,122228,119083,California,18490,157320,17660,163480,18060,165810,18720,171330,18780,171730,18430,172090,18140,173200,18270,176140,18760,178130,18990,186920,18040,172040
CO,368871,370085,363532,350526,340107,321476,315835,284474,273338,217082,477208,456471,480875,497182,490642,464749,462135,518088,553842,552271,463660,458509,464287,480827,479850,482014,489738,512429,526331,437992,0,0,0,0,0,0,0,0,0,0,107753,108351,122946,131177,133682,158875,162034,165952,178021,194190,33469,32766,36671,37476,41942,44116,44071,44599,47803,41829,741,759,759,759,759,759,759,759,759,759,20235,14247,11572,16829,15090,17557,17470,16607,16116,14628,2782,3782,5214,6045,6267,9505,13966,15326,16769,19618,50526,56798,68731,70068,69625,86939,85769,88661,96575,117357,Colorado,2270,21340,2250,22390,2400,22820,2550,23410,2540,23810,2560,24540,2520,24730,2420,24330,2560,25570,2690,26800,2550,27290
CT,6081,9290,7679,9097,6536,2340,2507,4023,867,67,236016,236260,240102,242227,260925,254652,246532,285991,293149,297582,317397,300595,307661,308514,313997,296001,299249,316551,304773,262428,166669,178959,178465,165677,182083,173363,172570,176496,174730,164157,43360,38975,42952,45472,46764,47868,46758,49572,48862,46777,36656,34711,37487,39085,40975,41535,38478,37912,37386,34502,19,21,21,21,21,21,21,21,21,21,5513,2970,3835,4127,2817,2068,3059,5052,3808,2858,1171,1273,1610,2239,2951,4127,5084,6476,7539,9290,0,0,0,0,0,118,117,112,109,107,Connecticut,2640,20750,2680,21440,2720,21530,2780,21180,2730,22070,2870,21970,2770,21700,2540,21900,2700,21240,2580,21950,2650,20300
DC,48,77,4,48,44,34,30,37,5,0,33389,29389,33725,35302,33654,30160,30607,32623,31603,27984,22226,19354,18790,20118,20423,19489,16915,19017,18555,15492,0,0,0,0,0,0,0,0,0,0,1296,1077,1179,1313,1831,2193,2257,2661,3049,3024,1048,832,900,999,1506,1876,1754,1989,2108,1850,59,22,22,22,22,22,22,22,22,22,0,0,0,0,0,0,0,0,0,0,188,223,257,292,304,295,481,650,920,1152,0,0,0,0,0,0,0,0,0,0,District of Columbia,360,2760,360,2830,370,2980,320,2920,320,2840,310,28800,300,2910,310,3070,310,3260,340,3190,300,3600
DE,17881,17384,18254,10238,7149,8199,4804,4296,2179,1956,81710,104421,100682,107051,107819,113552,103121,99416,93442,94009,114686,108981,101393,103067,109009,110248,112654,119451,120332,104587,0,0,0,0,0,0,0,0,0,0,7844,7116,7619,8064,7744,7597,7912,8035,8544,7722,7031,6068,6137,6397,6037,5985,6083,6067,6441,5605,401,430,430,430,430,430,430,430,430,430,0,0,0,0,0,0,0,0,0,0,365,584,1009,1189,1229,1133,1353,1491,1627,1641,47,35,43,48,48,49,46,47,47,45,Delaware,800,4890,780,5130,800,5340,760,5370,790,5320,860,5280,850,5630,850,5660,890,6110,840,5870,890,6660
FL,552730,482984,505155,557882,466530,426188,407538,327807,233542,180387,1235953,1348390,1245287,1241250,1378089,1414358,1421271,1511134,1578269,1619429,1610356,1549928,1588920,1613839,1695087,1738523,1757690,1843337,1804514,1484594,230369,187259,277169,291474,294099,306658,304840,306461,303946,307315,288638,287354,301827,298010,293757,290005,306615,314801,315365,316100,251217,248455,260909,256189,251293,247497,256365,249306,235146,209583,9799,10056,10056,10056,10056,10056,10056,10056,10056,10056,1769,1432,2425,2010,2275,1611,2010,2116,1868,2031,25853,27410,28437,29755,30133,30842,38184,53322,68295,94430,0,0,0,0,0,0,0,0,0,0,Florida,18390,107000,17150,113400,17860,117580,17960,118320,17960,114560,16810,114040,17360,121240,19000,124740,18710,135170,18560,131470,18150,150500
GA,634756,435546,426184,482657,394665,399279,344273,340152,273109,153179,531596,624338,634635,664808,712580,727336,709671,759205,786904,779340,1016118,956122,975666,948453,997508,971869,1028148,998463,995857,875240,338052,355674,343801,340652,353883,360633,352560,359262,350759,342897,246831,237974,284011,297134,300896,298214,293604,303573,314211,328340,219741,215663,246936,265285,270333,256525,250395,248680,256401,250788,291,315,315,315,315,315,315,315,315,315,26282,21281,35431,29139,27789,31123,22189,33634,35206,40877,516,715,1329,2396,2460,10251,20705,20944,22289,36360,0,0,0,0,0,0,0,0,0,0,Georgia,6280,40480,6410,44580,6570,48130,6690,49280,6540,47390,6460,48070,6671,48670,6610,48850,7160,56920,7070,50450,7240,55190
HI,16080,16572,15306,17241,15632,16431,14948,14367,14179,13281,158,187,197,167,196,162,163,192,228,199,266019,259024,260346,250169,254200,252070,262205,261466,264338,187858,0,0,0,0,0,0,0,0,0,0,20402,21430,25989,27996,29420,32368,32003,31126,29839,31467,11187,10026,11720,11624,12075,13414,10944,10700,9971,8428,2183,2491,2630,2422,2153,2408,2978,1009,8,92,905,1090,747,895,1129,838,608,878,841,866,2816,4223,6090,7553,8356,9810,12573,13062,14308,16888,3311,3599,4802,5502,5707,5898,4899,5476,4710,5192,Hawaii,770,6670,780,6710,860,6610,900,6650,890,6640,890,67330,740,6850,700,6540,830,6280,860,7120,870,6800
IA,463138,422595,402402,401151,348293,298006,300287,325673,266368,183017,277576,266283,306419,311352,302936,317115,376298,431513,433368,396343,415548,392006,415110,424219,415141,424923,409164,418691,430621,404169,54572,45552,55597,43431,54836,49185,54528,51181,54671,30344,353478,370566,389728,406807,429835,452667,473227,478666,518892,556341,239044,228413,232673,241842,252726,257115,264720,273583,274833,244325,1359,1281,1281,1281,1281,1281,1281,1281,1281,1281,8991,7291,7147,8355,8943,8460,9521,8414,7086,8988,34,48,88,268,419,587,905,1290,1603,2071,104050,133533,148538,155061,166466,185224,196800,194097,234088,299676,Iowa,2450,17260,2480,17500,2330,17010,2350,17480,2330,17630,2440,17140,2420,17100,2410,17230,2480,17630,2410,17810,2440,18460
ID,7846,5186,7965,7472,4249,2432,2615,2823,2364,2663,83947,90339,107089,93610,107871,110344,115899,115833,133257,129363,157999,153915,157372,162438,175254,176049,176634,180666,183278,175803,0,0,0,0,0,0,0,0,0,0,177760,156600,140544,155787,154481,153289,174569,180196,171550,157879,32630,32242,34284,41189,49490,43580,46202,48098,49046,42189,2164,2213,1881,2251,2206,2167,2280,2258,2353,2296,130241,104109,80845,85602,81559,83359,98253,100299,91955,83358,29,45,63,64,81,389,4403,5384,5496,5746,12696,17991,23472,26680,21145,23794,23431,24156,22700,24290,Idaho,860,7220,870,7520,920,7720,930,7670,960,7990,910,8080,990,8120,980,7310,1060,8450,1030,8390,990,8540
IL,1052224,969294,1026925,1017855,850430,702467,685000,704574,591909,391150,986310,939024,1063511,1108134,1011357,1045034,1034583,1127424,1180447,1158640,1182982,1140419,1169110,1197140,1245106,1247540,1251487,1254095,1239327,1056447,1002694,1010189,1014926,1023496,1017377,1031331,1016522,1025651,1030996,1047170,233916,242375,268752,278073,270570,276545,286646,277668,293917,297310,168961,164189,171930,177003,165332,172843,168207,163299,158599,146123,1905,2042,2042,2042,2042,2042,2042,2042,2042,2042,1365,1058,1148,1258,1159,1226,1152,1333,1102,1183,1319,1558,1799,1892,1937,2033,2284,2737,3499,5709,60367,73528,91834,95878,100100,98402,112962,108257,128676,142253,Illinois,9190,63890,9210,65610,9190,65750,9270,66090,9100,66840,8920,65460,8820,65090,8600,64720,9220,66330,9130,685600,9210,71990
IN,1333442,1193465,1198611,1221492,1007472,948386,929271,985668,821545,669310,635117,654528,680051,723942,735055,779945,747919,890433,934151,873505,710963,683759,721544,734901,750409,726396,700249,703718,710201,652153,0,0,0,0,0,0,0,0,0,0,156049,144690,157896,162947,173327,183792,183807,190075,187427,182401,115492,105189,115856,120323,121363,127609,126448,130245,121029,115495,4499,4647,4647,4647,4647,4647,4647,4647,4647,4647,3972,4125,3692,3529,3551,3934,2818,2026,2278,2374,165,182,489,1205,1713,2390,3030,3690,4157,4763,31921,30547,33213,33244,42054,45212,46863,49467,55316,55123,Indiana,5430,33020,5520,34050,5460,35060,5500,35550,5540,35560,5510,35620,5520,35180,5540,36440,5840,37250,5500,35280,5700,37940
KS,346521,307585,326817,316572,273416,253121,216747,227665,197779,193779,285318,268086,288274,291483,280421,276404,279097,321809,319950,301392,328517,329269,338696,356192,340937,342440,335329,343686,352445,334609,76585,86818,74902,89512,90254,86245,111367,95854,96565,110545,81476,90046,132989,151818,149870,179062,219766,222816,239094,260617,44156,39496,41819,47510,46192,47466,47041,49236,49489,48314,1005,974,974,974,974,974,974,974,974,974,143,99,139,154,177,282,269,240,182,284,29,38,55,56,87,125,231,345,471,954,36143,49439,90002,103124,102440,130215,171251,172020,187978,210090,Kansas,1990,13550,1990,14070,1910,14090,1930,14370,1900,14630,1930,14440,1970,14530,1880,14400,2050,15400,2000,15340,2020,16170
KY,1010623,909705,914774,913452,796484,736584,639356,655909,574502,482266,229048,232701,235703,262278,276867,279935,296673,356673,361174,343788,630806,619187,582930,580146,590257,600376,577856,601468,595296,540200,0,0,0,0,0,0,0,0,0,0,90457,80329,96473,96645,89402,91858,103410,103816,101676,100789,58823,55051,62326,63853,54792,56686,58725,60192,60481,53300,2700,2712,2712,2712,2712,2712,2712,2712,2712,2712,28850,22475,31249,29892,31700,32094,41491,40193,37656,43883,84,91,186,188,198,365,481,718,826,893,0,0,0,0,0,0,0,0,0,0,Kentucky,4780,24240,4860,25010,4430,25160,4560,25100,4690,25770,4680,26490,4960,25720,4830,26220,5150,25990,4960,26400,4890,26500
LA,269993,238811,228055,209973,174221,140513,142267,137818,90701,48718,1535704,1585876,1504969,1547176,1594207,1718305,1716392,1865382,1963925,1924573,1949628,1806173,1762715,1698933,1716529,1700751,1814440,1729715,1736963,1773653,173859,164092,177156,181059,160015,179391,161171,179330,145993,177055,135127,130783,151598,173371,158287,176181,161570,160945,150526,144854,122926,122154,139120,160089,145621,162310,149426,146181,134282,129767,1891,1842,1842,1842,1842,1842,1842,1842,1842,1842,10144,6470,9966,10365,9305,10179,8345,10734,12153,10553,165,317,670,1075,1520,1851,1957,2188,2249,2693,0,0,0,0,0,0,0,0,0,0,Louisiana,3320,20950,3630,22780,3660,23480,3740,24930,3470,24300,3380,24100,3730,25070,3510,24220,3660,25080,3810,26800,3700,26480
MA,42963,24036,42208,29871,24177,20115,12407,101,71,0,464018,430920,435312,432523,457124,440725,462406,452093,442794,400675,574191,536809,564699,563978,577821,558903,561908,576328,572180,449040,53212,61402,45251,60340,52236,56628,52788,46437,22734,0,77232,73171,82560,87252,88979,93041,95856,101071,99536,94678,63502,60395,65534,66527,65888,66126,61781,59729,58629,51362,962,859,859,859,859,859,859,859,859,859,11161,8683,9460,8578,7704,6575,9553,10314,8682,7397,1010,2381,4752,9149,12529,17487,21521,28159,29491,32972,596,853,1955,2139,1999,1994,2142,2010,1876,2089,Massachusetts,5020,36040,4970,37470,4920,38470,4880,38250,4930,37940,5150,37790,4910,37620,4890,37130,5140,37130,5150,40020,5150,36990
MD,241190,192334,183191,201220,165994,162931,106973,124191,77301,49692,199132,216558,206126,217227,225969,229508,232723,312824,311631,296585,480594,470103,478356,484711,499114,473740,470666,477626,474069,397572,150655,142297,149048,150017,153140,154377,158004,156699,156765,157531,80305,71341,78496,77492,73185,73766,80822,90288,79877,66952,51871,50600,56132,55035,49076,48654,47643,47328,42100,33265,532,570,570,570,570,570,570,570,570,570,24748,15764,16477,15362,15118,12847,18098,25755,19471,14876,524,1346,2249,3448,4373,6831,9343,11449,13106,13457,2630,3061,3069,3077,4048,4864,5169,5186,4630,4784,Maryland,4170,27700,3960,28890,4250,31000,4040,30680,3990,30680,3980,30050,4100,30990,4020,331820,4270,33810,4040,33140,3930,34710
ME,1542,1299,1657,2142,2588,2194,2168,2113,2160,1657,75061,70451,65886,62423,54203,54509,45125,48370,46301,47028,188435,170117,182365,185791,194972,186072,181420,171062,166761,157444,0,0,0,0,0,0,0,0,0,0,166773,162608,168347,164138,168574,150107,155506,155760,154606,138648,121039,118384,124043,118906,124811,106551,102172,103562,100304,88715,68,72,72,72,72,72,72,72,72,72,38660,35519,33970,34453,31300,27681,31204,29669,31141,27688,141,192,265,271,323,418,577,765,896,1175,6866,8440,9996,10435,12068,15384,21481,21692,22194,20998,Maine,1370,8650,1400,8820,1340,8990,1380,9190,1400,9270,1360,8810,2410,9270,1380,8750,1450,8600,1400,8920,1430,8180
MI,691150,621633,658172,618479,617280,471236,499439,506105,447823,334428,787337,804084,831741,878128,871834,926828,908197,1010919,1054986,1003430,796407,778608,831484,847600,864500,880277,869880,896217,882063,756310,344155,293619,302194,326800,306773,329999,338675,318655,343639,316854,176632,179593,208916,221483,239503,234596,238177,247124,244587,235184,153361,151415,162703,163477,174814,170546,168031,175701,170114,152696,5088,5193,5193,5193,5193,5193,5193,5193,5193,5193,13188,11484,13539,15215,13964,14436,15460,14277,14681,15021,560,732,769,816,853,1088,1691,2303,2755,3227,4435,10769,26711,36782,44678,43333,47801,49650,51843,59047,Michigan,8150,55660,8140,57010,8210,57790,8250,57560,8090,58610,8350,57420,8440,56530,8190,57600,8780,56590,8070,58360,8140,61770
MN,315604,257875,267695,313073,271570,261250,257594,261530,205139,162702,424958,430277,478611,490111,448557,466365,466884,514172,549487,496026,580208,585141,600937,602446,595108,617809,611526,624491,640082,545473,125134,125159,111885,132904,125900,144970,145426,152657,147280,153319,241621,246583,245622,273992,278624,282936,293528,296986,298551,286430,167781,162070,160530,175139,178087,178398,172076,178423,178245,157085,1003,1075,1075,1075,1075,1075,1075,1075,1075,1075,7250,5339,4877,5216,7908,11152,11581,9585,9398,8783,240,294,344,411,473,645,6244,10430,12257,15763,65347,77805,78797,92152,91080,91666,102552,97473,97576,103724,Minnesota,3150,25080,3340,27600,3750,28060,3860,28410,3070,29340,3250,29730,3660,29130,3620,30000,3980,31270,3600,30560,3580,33210
MO,825650,768297,806549,780707,696401,639860,709796,668188,584662,551341,275308,258945,281399,301368,270885,273583,264614,330552,327798,303949,623832,599722,601720,614721,622945,619747,611040,619352,622101,576090,98062,112317,87428,97021,109182,98630,86853,111401,95961,80874,96371,84689,97726,98934,95606,94312,102440,110649,121475,117585,73032,65479,74874,80006,69235,70026,70062,73992,72438,67355,329,352,352,352,352,352,352,352,352,352,11515,6797,10843,6631,14856,11705,10880,7537,19720,16477,47,216,523,1189,1541,1876,2432,2978,3531,4074,11448,11845,11133,10756,9622,10353,18714,25790,25432,29327,Missouri,5360,31160,5470,32740,5370,33440,5410,33950,5370,33890,5380,34680,5450,34270,5620,34400,5750,35520,5490,35480,5540,37540
MS,107546,82456,97767,116537,71626,61219,53779,60015,51028,54188,437873,499946,426902,439557,536996,561342,543721,591886,583800,610312,369063,373429,364610,367502,377952,386987,384318,380952,383081,369614,108164,76456,113523,107228,122511,61680,77027,72343,115202,67595,75576,88539,76908,78055,74223,76967,71848,74057,70136,68741,74485,87564,75915,77061,73235,75936,69987,70020,66173,63866,1074,958,958,958,958,958,958,958,958,958,0,0,0,0,0,0,0,0,0,0,17,17,34,35,29,73,902,3078,3005,3916,0,0,0,0,0,0,0,0,0,0,Mississippi,2360,14330,2430,14990,2550,15190,2630,15830,2420,15740,2340,16260,2550,16680,2570,17290,2690,18130,2520,17050,2510,17190
MT,165687,157308,166104,175357,178421,161938,156073,152295,159165,98886,79470,75234,82298,80063,77443,77589,83319,90778,92649,87478,177760,173248,172419,168456,165080,166880,172427,171531,175168,174592,0,0,0,0,0,0,0,0,0,0,143494,127819,118144,137730,129412,132767,140885,147563,133863,142312,8386,8017,8992,9317,18596,19528,19636,23379,22887,20344,403,337,337,337,337,337,337,337,337,337,122382,107373,91959,109189,92094,93042,100795,103759,89030,94224,32,84,115,117,85,110,275,497,488,592,12292,12007,16741,18769,18299,19750,19842,19592,21120,26815,Montana,740,5570,750,5690,700,5550,700,5450,760,5850,760,5950,750,6070,750,6140,830,6080,820,5920,770,5850
NC,624783,534713,493771,501592,405525,381761,350286,325121,318154,223906,311189,367948,445018,462289,516026,540271,520659,599308,569405,557570,830733,802771,812705,834289,857023,878993,885764,906189,905845,807695,424073,412722,420486,428474,440248,447500,443192,439915,437683,442166,188541,186574,228352,209090,206845,222384,240022,270114,275441,293174,149240,148190,157380,155000,147848,147215,150492,146317,145756,141691,903,967,967,967,967,967,967,967,967,967,37828,35475,65838,45226,44167,40762,35156,60096,55047,69763,570,1941,4167,7897,13863,33383,49072,57796,69015,75963,0,0,0,0,0,58,4335,4938,4655,4789,North Carolina,7520,45120,7300,48870,7950,51860,8040,53200,7850,52550,7750,50420,7870,54450,7940,56900,8490,55130,8010,58690,8470,59620
ND,394771,406344,393193,399195,408091,394579,397875,407262,372018,363255,72247,71873,82334,89095,100852,105625,112146,130084,157419,150166,184822,199212,222215,236320,193722,164552,184122,190027,188349,163767,0,0,0,0,0,0,0,0,0,0,102733,99508,98237,111219,109747,125731,165938,163255,164419,176757,25792,24760,26922,27184,28664,31692,36582,35689,35354,34757,1001,978,978,978,978,978,978,978,978,978,25068,23573,17674,24071,19505,17644,23776,28933,28293,21483,4,6,7,7,7,7,7,8,11,11,50869,50192,52656,58979,60594,75410,104596,97648,99785,119528,North Dakota,410,3300,420,3560,460,3510,460,3510,400,3730,440,3840,480,3930,480,4180,500,4110,430,3940,460,4060
NE,285384,272587,292956,276544,266319,240465,233809,264072,240414,213747,173657,161770,179617,179705,170346,172929,175613,196445,198771,192725,231425,233031,231611,234466,234270,232829,233348,239157,242788,228175,72549,60795,71736,105655,107976,97798,72300,58884,72589,64646,144549,132976,138417,155904,164543,168536,186969,190495,203880,202857,117400,107554,109254,117619,117974,124279,125012,125851,126124,108866,1195,1212,1212,1212,1212,1212,1212,1212,1212,1212,15713,11962,10723,11009,15694,7903,13711,12574,11927,12187,30,33,37,38,41,90,219,373,445,678,10210,12215,17191,26026,29623,35052,46814,50486,64172,79914,Nebraska,1200,9230,1270,9430,1230,9030,1220,9060,1220,9550,1200,9540,1220,9740,1220,9520,1310,10320,1290,9780,1270,10560
NH,24489,14191,16778,14867,10989,5277,3617,7798,4182,1518,72778,74336,55649,58785,70742,59638,53633,51471,55366,53630,147637,138269,144512,155001,152764,146737,152656,155704,152435,136963,87508,85814,114173,106350,99186,112551,104493,105195,113890,103052,52027,50256,59059,61731,67603,62838,66803,62624,62394,51219,35670,36249,41530,44447,51507,47703,49094,45512,44270,34337,27,29,29,29,29,29,29,29,29,29,15592,11869,13617,13135,11831,10570,13015,12328,13011,10768,96,124,169,206,292,547,875,1055,1228,1483,642,1986,3713,3914,3944,3989,3790,3700,3857,4602,New Hampshire,1070,7810,1110,8210,1130,8350,1150,8470,1110,8450,1140,8090,1141,8680,1150,867,1230,8080,1140,8610,1220,8060
NJ,49592,25589,25910,30731,22925,17455,16488,16732,13780,12144,677521,670827,711999,805145,778866,793928,734147,799555,790685,678931,931578,884720,878077,856154,877467,888468,858632,888315,842885,686425,351658,346962,348784,329533,347851,312569,355948,334373,278147,279308,74190,76886,86152,91005,81586,85369,83836,84239,84994,80762,65958,62806,68475,70479,59875,62371,57421,55033,52416,44783,435,466,466,466,466,466,466,466,466,466,237,102,174,164,89,87,126,323,236,135,7458,13401,16933,19678,20956,22252,25617,28212,31680,35203,102,110,104,217,201,192,207,206,196,175,New Jersey,6260,48100,6210,49080,5990,50650,5960,49440,6130,51130,5830,51410,5580,49750,5540,51680,5871,53260,6070,53400,6100,53340
NM,284737,263439,256377,215348,215703,197083,199114,136824,151468,138968,251838,249815,252867,256056,260038,259158,249357,281322,305538,292036,232633,233394,232460,240408,237701,235515,249356,257803,262605,237384,0,0,0,0,0,0,0,0,0,0,43298,45164,46411,48148,48909,64769,78080,95244,105040,106513,18818,17651,19515,18898,20804,21047,20438,23221,26378,21828,442,368,368,451,458,499,487,487,885,835,1892,2120,876,936,926,1365,1779,1361,1408,1777,1698,3844,4724,6234,7253,8587,13069,14754,15037,18739,20447,21181,20927,21631,19466,33271,42307,55421,61333,63334,New Mexico,920,9210,980,9630,1090,9640,1050,10090,1060,10210,990,9970,1020,9750,1010,10040,1090,9730,1070,9460,1040,9800
NV,62701,52850,64838,79230,36635,30765,27297,34996,37177,27778,255970,281432,282245,261902,312602,316653,305309,310875,315564,310715,267077,261495,268244,275622,266639,289383,306479,308260,306466,245204,0,0,0,0,0,0,0,0,0,0,58036,63674,74096,76197,85212,99674,109544,117235,125022,125514,10111,9303,10305,11481,12513,14187,14630,15717,15870,13689,22419,23886,27022,27496,30519,32493,31859,33045,36335,34870,21284,23223,25588,22717,21088,16511,16691,17116,19952,16862,4222,6036,8790,11649,18207,33310,43037,48516,49933,57245,0,1226,2390,2854,2885,3173,3327,2842,2931,2848,Nevada,1920,12230,1510,12800,1930,13780,1970,13830,2040,14450,1770,13640,1700,14390,1680,13840,2090,14060,1880,14810,1850,16540
NY,125181,72914,68707,64655,41241,29679,19553,16710,13648,5681,1247757,1260950,1315282,1392378,1396693,1336455,1276905,1393657,1337750,1305282,1387352,1341448,1330482,1382080,1383266,1382206,1378849,1423244,1386269,1066114,446761,427277,467651,450141,466457,434791,441029,448718,468481,401441,438840,399747,418075,437667,448392,454021,490642,489219,498124,468231,135968,132355,140965,145391,160141,157681,159888,164409,162300,139541,1283,1185,1185,1185,1185,1185,1185,1185,1185,1185,272019,234593,238270,248060,242299,248125,277575,269574,272495,259064,2093,3147,3885,5296,7725,10670,13911,17674,22491,28799,27478,28468,33770,37736,37042,36360,38084,36377,39653,39642,New York,13720,103340,14200,107260,13620,109440,13480,108760,13720,107200,13180,107840,13200,110280,12700,107530,13190,110800,13380,111870,13370,117910
OH,1222606,1019140,1104486,1057377,865714,825311,810953,717818,594257,556769,848771,869556,945731,1058802,1031716,994162,1014299,1236747,1260474,1233412,1067554,1045080,1053987,1062667,1081188,1082887,1073983,1089761,1070162,982394,155806,179055,168451,170319,181726,175893,184997,191483,177624,190316,138111,143509,160117,163389,157489,159177,156232,158726,160334,151400,128531,125625,139153,142875,136918,137760,133183,134397,131871,120825,3372,3435,3435,3435,3435,3435,3435,3435,3435,3435,3728,3941,5240,4545,4253,4617,2554,2220,3583,3281,551,1130,1356,1566,1677,1873,2434,2753,3266,3790,1928,9378,10933,10968,11205,11492,14627,15922,18180,20069,Ohio,10710,64450,10060,65060,10270,66560,10230,66610,9760,67000,10000,65010,10550,66020,10660,68180,10760,68470,9680,67150,10110,71850
OK,378320,327089,335925,336080,280748,221842,198309,171280,93953,70714,676910,712411,682277,667360,711393,736164,692145,842224,873688,847555,507576,522769,506028,535307,521667,520186,544537,541278,524240,474552,0,0,0,0,0,0,0,0,0,0,114750,135556,178059,177919,203058,260290,290968,324177,347056,337045,45595,46968,50705,50755,47467,51206,54515,56225,53420,53253,23,24,24,24,24,24,24,24,24,24,14641,10901,20781,13583,24812,23748,18749,18513,34735,25025,30,36,48,49,71,115,381,691,733,844,54461,77628,106501,113507,130684,185198,217298,248723,258143,257899,Oklahoma,3250,18670,3270,18980,3370,19210,3370,20160,3320,19830,3220,19280,3150,19650,3050,18710,3210,19030,3220,20540,3200,20530
OR,35135,28259,38900,34238,26515,19440,18723,16911,27430,17811,203607,220578,244265,226472,245897,249829,262532,271311,302229,282518,331023,323741,322313,325766,323140,327835,335127,339590,334509,300473,0,0,0,0,0,0,0,0,0,0,526732,507768,472016,495029,451541,482943,516930,502494,445620,473155,66252,68997,80146,82579,93349,92009,99322,100985,105017,100335,1286,1476,2803,2977,2898,2927,2838,2836,2883,2916,411131,375027,315785,335306,291098,318822,352611,322458,269836,279848,1665,1903,2147,2323,2429,3139,4825,8458,9429,13105,46398,60365,71135,71844,61766,66046,57334,67757,58457,76950,Oregon,2810,20750,2860,21180,2920,21370,2860,21720,2950,22530,2830,22410,2970,22510,2900,21780,3140,21520,2900,23320,2930,23330
PA,1212984,1093178,1126118,1039161,878829,734838,669540,644056,568781,374254,1000507,1079495,1175535,1304080,1313350,1354340,1404240,1515912,1679486,1783003,1208894,1157559,1181000,1207164,1187148,1138129,1151732,1170049,1134520,949953,796798,787753,822483,823277,842044,867302,870187,872749,869084,799342,215431,203830,235207,232509,235433,230921,240496,251952,234570,217902,162101,157080,173435,167629,174037,170698,171831,173457,166439,152305,2180,2162,2162,2162,2162,2162,2162,2162,2162,2162,31258,21334,24088,25115,24251,21912,28759,38773,31174,23429,2456,2997,3540,3707,3756,4069,4681,5108,5868,7145,17435,20256,31982,33897,31227,32079,33062,32452,28926,32861,Pennsylvania,10520,75260,10900,78030,10890,78340,10980,79560,10290,79920,10540,81540,10500,83560,9930,77710,10470,80960,10380,79890,10710,80240
RI,0,0,0,0,0,0,0,0,0,0,102465,98435,88274,91374,96514,88471,94730,104748,97931,100985,82254,78856,82166,86353,86112,74342,75184,82615,77313,68314,0,0,0,0,0,0,0,0,0,0,6901,6003,6106,7902,8469,8267,9567,10045,11832,13926,6573,5747,5818,7473,7992,7496,7439,7336,7779,7584,127,57,57,57,57,57,57,57,57,57,72,41,42,38,29,20,22,37,32,31,100,145,165,240,297,450,678,1172,2130,4372,28,13,25,94,94,245,1371,1443,1835,1883,Rhode Island,840,5970,880,6090,860,6310,870,6280,870,6370,880,6040,890,6190,860,5870,880,5920,940,6540,920,5930
SC,366160,298572,257319,305656,241217,221865,192751,205204,160703,137280,235465,250481,236942,236040,284013,284225,287408,338951,347904,343349,485250,468285,480197,479576,511425,522302,524166,526034,515839,465872,553573,535952,566879,548246,555909,583883,568390,551151,585828,571930,135879,138964,156589,158548,151230,150318,152847,165199,166366,173989,120127,124748,125730,133352,126557,128715,133265,130188,128634,121095,605,648,648,648,648,648,648,648,648,648,15100,13515,30152,24430,23884,20542,16897,27419,26485,33865,46,52,58,117,140,412,2036,6944,10599,18380,0,0,0,0,0,0,0,0,0,0,South Carolina,3970,23240,3900,25510,4270,26570,4390,27620,4130,26390,4040,25550,4280,27980,4320,28680,4630,30450,4360,29830,4460,31710
SD,32112,35574,34246,33062,19616,26660,26114,27618,31420,21692,73973,71501,84527,83919,83370,85021,85339,95548,97428,91244,112687,116746,112656,114520,115692,113289,112658,115313,116179,119687,0,0,0,0,0,0,0,0,0,0,154349,140762,128968,140135,138038,149018,148279,158194,169269,171078,62252,59574,62689,63760,67721,68514,70746,73493,72109,69450,1962,1868,1868,1868,1868,1868,1868,1868,1868,1868,64205,56915,38761,52283,45177,44345,48393,57011,70437,51117,5,6,6,9,10,15,32,29,32,38,25925,22399,25643,22216,23262,34275,27240,25793,24822,48606,South Dakota,540,4220,580,4430,620,4430,620,4570,540,4490,570,4520,590,4690,590,4920,650,5100,580,4770,590,4960
TN,481127,423086,399768,427509,370650,379775,334567,251835,216876,176104,267929,281007,284750,313887,322468,336341,331613,404318,420285,398610,673366,646741,655891,672629,687482,702677,694516,700650,713625,657467,281682,263045,297732,289401,261037,309357,332779,378224,372992,383245,191304,181037,226381,194804,196878,170822,182761,199132,191569,211994,97500,101260,106278,108613,105705,106205,100443,102527,97106,89848,199,213,213,213,213,213,213,213,213,213,93037,78942,118721,84636,89240,62511,80028,93643,90145,117937,53,170,723,856,1293,1545,1678,2377,3767,3653,516,452,446,486,427,348,399,373,338,344,Tennessee,5980,33070,5870,34750,614,35610,6200,36580,5980,36570,6200,38300,6010,37650,5830,37080,6030,36760,6210,37350,6300,39360
TX,1695239,1498818,1597357,1585961,1340422,1323111,1451978,1189311,992721,872845,3800578,3964124,4131225,4060590,4263856,4151065,3987778,4596600,4795216,4718367,5393262,5504726,5828991,5803534,6022376,6175136,6286229,6720839,6850186,6187966,414881,402823,400353,410907,411571,440109,403523,430597,431234,432869,524901,533395,584228,634054,672832,820815,915338,1009917,1071087,1149538,218877,216418,231668,242682,237474,264117,260442,272193,262990,237571,2488,2478,2478,2478,2478,2478,2478,2478,2478,2478,5471,5562,4580,3670,8908,12384,9779,10248,13130,9463,1260,2387,3231,4815,6394,10942,25141,36275,48351,89596,296805,306550,342270,380409,417578,530894,617498,688723,744138,810430,Texas,14030,101120,13380,105000,14810,110470,15000,112230,14890,115730,13650,113630,14620,116690,14560,116200,15460,121860,14750,124890,14830,129770
UT,346181,322055,355230,344054,330043,269016,274816,273117,266989,244280,230672,232630,258661,251649,242848,250199,231151,253819,276460,266595,276715,269396,271571,274435,276308,285349,294385,310060,305584,285122,0,0,0,0,0,0,0,0,0,0,31282,28026,25011,29679,33778,47601,64181,61286,60089,61965,9627,10023,10907,11185,14999,16556,16045,16879,17840,16269,4027,3993,3851,5768,4809,5285,5237,4864,3570,4111,11952,7116,4818,6018,7160,7009,11913,8435,7788,7160,110,196,285,433,980,11163,23084,23879,23607,27389,5565,6698,5150,6275,5830,7588,7903,7229,7285,7037,Utah,620,9970,630,10530,880,10620,800,10810,650,10780,660,11050,890,11030,850,10990,900,10950,780,11620,730,1190
VA,288348,222270,290508,278183,232427,222938,159813,149349,85120,75434,383436,424000,433438,438697,526314,572103,596648,667004,717725,748377,795625,796113,793774,830111,834674,844901,847776,869728,872814,739500,267334,300992,306430,316081,293455,310966,319562,305826,308013,314843,136050,134372,152518,167411,169053,167391,167010,183826,169910,170439,121982,122117,138197,155898,155759,151006,150998,157833,144528,136500,1764,1701,1701,1701,1701,1701,1701,1701,1701,1701,11760,9933,11961,9083,10790,13579,10279,16057,13520,17799,544,621,658,729,803,1104,4032,8235,10160,14439,0,0,0,0,0,0,0,0,0,0,Virginia,5510,36410,5670,38720,5550,41380,5380,40870,5580,40970,5740,41170,5690,43190,5400,42770,5860,42420,5950,45440,5960,47550
VT,0,0,0,0,0,0,0,0,0,0,8677,8287,9743,10853,12245,12383,12281,14208,14381,13589,79938,75387,78655,79824,81888,77727,77379,75792,77367,70379,51351,52283,50639,52929,0,0,0,0,0,0,33019,28836,36145,35555,41531,38701,40945,44258,43772,39823,18657,16557,21134,20763,26814,24707,24286,27044,25721,23307,27,29,29,29,29,29,29,29,29,29,13843,10956,12269,11176,10613,9943,11790,11538,11898,9904,170,277,462,627,1044,1335,2028,2251,2765,3221,322,1017,2252,2960,3030,2687,2812,3397,3359,3363,Vermont,490,3720,530,3950,550,4060,590,4200,550,4130,570,4020,510,4050,510,4000,560,3840,510,3920,570,3740
WA,56951,42656,74955,76547,58273,53302,61732,61166,80837,59443,272261,271947,327840,320167,327738,324929,350872,334779,378216,354969,694946,697816,698425,681853,732667,800690,769685,775777,794537,621358,50293,97808,88408,99332,85347,100674,85013,101502,92584,98475,1080055,1036980,942926,957292,891733,948976,967707,955305,797587,884394,125648,121432,128945,130961,140355,149698,144865,144912,147193,129421,1262,1136,1136,1136,1136,1136,1136,1136,1136,1136,892101,851343,745678,755615,683693,722975,756740,735877,587497,669883,199,266,338,471,649,957,1200,1505,2340,2722,60845,62803,66829,69109,65900,74210,63767,71875,59421,81231,Washington,4320,34500,4540,35360,4700,35790,4700,37290,4630,38230,4790,38180,4670,37770,4390,32560,4810,36170,4770,39160,4790,36290
WI,447370,373281,454554,417096,408189,357335,388614,362077,280108,249316,399247,410305,454050,479396,476969,501042,504808,565291,592529,571817,516508,501822,510487,543179,534079,524098,523110,548839,547523,493092,120962,149845,121994,98807,104666,106173,100919,105900,104736,102071,186444,178205,188808,195664,200490,200299,198839,203443,202897,183061,153143,147797,154023,155692,162766,159324,157696,164881,160588,140351,574,615,615,615,615,615,615,615,615,615,20859,14562,18880,23504,21801,25795,24468,21763,23502,24440,327,409,425,468,505,583,952,1286,1481,2195,11540,14822,14864,15386,14803,13983,15107,14899,16711,15460,Wisconsin,3990,29610,4020,30530,4220,31920,4310,31590,4020,32480,4370,32700,4230,32970,4280,32990,4400,33340,4150,34220,4290,35280
WV,822645,756716,771188,816460,730949,751957,710445,661760,621722,539707,124935,140133,152880,180222,191059,188491,199298,221402,239854,265123,199665,194403,195225,193011,189690,199199,191481,216968,208371,179259,0,0,0,0,0,0,0,0,0,0,53542,51398,61073,57169,44994,47885,49947,53573,49681,48020,28625,25431,31139,31440,19150,19415,19027,20488,19788,17204,30,32,32,32,32,32,32,32,32,32,14118,13622,16590,11810,12900,15118,15271,16810,15182,13957,57,75,84,85,93,104,126,140,163,188,10712,12238,13229,13801,12818,13216,15491,16103,14515,16638,West Virginia,2070,10610,2080,11080,2070,11610,2100,11450,2090,11700,2080,11730,2020,11770,1980,11690,2060,12110,2010,12440,2030,12380
WY,467671,490128,520699,489300,487177,457315,458496,455748,410221,388253,161776,158546,156110,142268,126421,132478,158370,175639,172235,169076,168323,172121,161686,171012,158389,152624,153755,159048,155232,138481,0,0,0,0,0,0,0,0,0,0,61810,55484,54820,56015,52372,58491,59425,54920,57094,68407,4436,4728,5052,5172,8604,8306,8586,8400,8867,8328,670,663,663,663,663,663,663,663,663,663,11890,8502,6782,8261,8087,8983,10346,8877,8832,9521,6,14,24,24,27,33,45,67,1687,1565,44809,41576,42298,41894,34990,40505,39785,36912,37045,48329,Wyoming,320,2540,310,2680,330,2650,320,2700,330,2890,320,2860,310,2920,320,2780,330,2780,310,2930,320,2880
US,19663856,17380923,18038771,17996577,15548985,14227138,13839632,13249958,11314925,9182696,24953771,26075691,26788768,27376838,28179686,28392790,28056891,31163246,32236174,31562036,34639718,33833375,34398415,34658248,35368448,35712347,36043829,36892286,36867235,32333489,8268698,8061822,8244433,8337559,8336886,8426753,8418968,8438068,8451852,8251075,9209646,8852895,9464268,9761070,9749471,10408644,11138359,11369899,11468314,11518077,4616493,4516952,4861035,5015522,5014887,5063053,5044599,5104513,5056000,4640247,212311,211592,214006,214474,211756,209541,210154,208769,201192,202805,3102852,2628702,2562382,2466317,2319932,2471371,2765466,2661383,2561788,2500996,110354,155590,225486,337397,426543,569992,776521,914505,1016276,1211326,1167636,1340059,1601359,1727360,1776353,2094687,2341619,2480728,2633058,2962703,United States,222520,1529560,221130,1596670,226160,1638910,228190,1660290,224210,1665540,221200,1658370,224390,1685210,222500,1688780,234030,1735350,228160,1762450,228820,1806590
