,latitude,longitude,region,sub-region,country,daylight_hr_avg_2011,daylight_hr_avg_2012,daylight_hr_avg_2013,daylight_hr_avg_2014,daylight_hr_avg_2015,daylight_hr_avg_2016,daylight_hr_avg_2017,daylight_hr_avg_2018,daylight_hr_avg_2019,daylight_hr_avg_2020,max_temp_avg_2011,max_temp_avg_2012,max_temp_avg_2013,max_temp_avg_2014,max_temp_avg_2015,max_temp_avg_2016,max_temp_avg_2017,max_temp_avg_2018,max_temp_avg_2019,max_temp_avg_2020,min_temp_avg_2011,min_temp_avg_2012,min_temp_avg_2013,min_temp_avg_2014,min_temp_avg_2015,min_temp_avg_2016,min_temp_avg_2017,min_temp_avg_2018,min_temp_avg_2019,min_temp_avg_2020,rain_avg_2011,rain_avg_2012,rain_avg_2013,rain_avg_2014,rain_avg_2015,rain_avg_2016,rain_avg_2017,rain_avg_2018,rain_avg_2019,rain_avg_2020,snowfall_avg_2011,snowfall_avg_2012,snowfall_avg_2013,snowfall_avg_2014,snowfall_avg_2015,snowfall_avg_2016,snowfall_avg_2017,snowfall_avg_2018,snowfall_avg_2019,snowfall_avg_2020,2011-Fossil_Divided,2011-TR_Divided,2011-TR_Severity,2012-Fossil_Divided,2012-TR_Divided,2012-TR_Severity,2013-Fossil_Divided,2013-TR_Divided,2013-TR_Severity,2014-Fossil_Divided,2014-TR_Divided,2014-TR_Severity,2015-Fossil_Divided,2015-TR_Divided,2015-TR_Severity,2016-Fossil_Divided,2016-TR_Divided,2016-TR_Severity,2017-Fossil_Divided,2017-TR_Divided,2017-TR_Severity,2018-Fossil_Divided,2018-TR_Divided,2018-TR_Severity,2019-Fossil_Divided,2019-TR_Divided,2019-TR_Severity,2020-Fossil_Divided,2020-TR_Divided,2020-TR_Severity
AL,32.794376373291016,-86.80929565429688,South,East South Central,US,12.170882,12.168212,12.170964,12.1708765,12.170845,12.168266,12.170945,12.170905,12.17093,12.168265,75.40708,75.69176,72.584785,72.776985,74.55021,76.44139,75.35471,74.41549,76.37298,75.15762,57.37363,58.60608,56.442932,55.313313,58.33801,59.03803,57.889515,57.010105,57.847775,57.671814,0.11723531,0.1367483,0.15327092,0.13235974,0.1528118,0.12141392,0.1484038,0.17782366,0.14386483,0.1676748,0.005762636,0.0,0.00037288686,0.005503344,0.000164042,0.0,0.010149437,0.0024447548,0.00014816696,7.919269e-05,0.43929332678309035,0.5607066732169096,2,0.4488925800125653,0.5511074199874347,2,0.3850993331546902,0.6149006668453099,2,0.4222813174871704,0.5777186825128295,2,0.4301317451477581,0.5698682548522419,2,0.4450840329485966,0.5549159670514034,2,0.4166991483158137,0.5833008516841863,2,0.4084634682931744,0.5915365317068255,2,0.40724246482459703,0.592757535175403,2,0.38780078721514305,0.612199212784857,2
AK,61.33567428588867,-152.2572784423828,West,Pacific,US,12.399331,12.390161,12.3995905,12.399296,12.399188,12.390317,12.399516,12.399377,12.3994665,12.390334,12.980714,12.623307,15.690492,17.333048,16.901987,18.504827,14.286382,15.957394,17.362288,13.892414,6.2103915,5.7900987,8.593219,10.840091,10.617021,12.15038,8.054194,9.924479,11.445083,7.5206966,0.055543203,0.056584958,0.048198003,0.070924215,0.038779322,0.054935366,0.024362678,0.026576214,0.019087784,0.018517112,0.87710816,0.84750915,0.8354959,0.9037387,1.0007857,0.9503619,1.5157776,1.5501307,1.6411747,1.1418132,0.7888943941109853,0.21110560588901472,0,0.7746112483283235,0.22538875167167643,0,0.7533500537441777,0.2466499462558223,0,0.7159264653938275,0.28407353460617246,1,0.712148751142027,0.2878512488579729,1,0.6836383398423614,0.31636166015763856,1,0.7023004224321326,0.2976995775678674,1,0.6985357346593452,0.30146426534065485,1,0.7113590625771792,0.2886409374228208,1,0.7064806073909349,0.2935193926090651,1
AZ,33.70825958251953,-111.35403442382812,West,Mountain,US,12.173668,12.170898,12.173753,12.173663,12.17363,12.170956,12.173734,12.173692,12.173718,12.170955,76.1193,77.58698,75.639015,77.00653,76.23558,77.22656,75.89667,74.93424,72.45913,76.50242,49.397938,50.337574,49.679047,51.04399,50.899837,51.037586,53.416485,52.845104,50.953373,53.22526,0.026631474,0.029082729,0.04160964,0.037805304,0.044331122,0.04151463,0.057587907,0.054581355,0.07156693,0.031976756,0.033850152,0.021323865,0.028157013,0.005926678,0.011505164,0.026482714,0.015631616,0.008379371,0.08672741,0.0013335026,0.5585116532269923,0.4414883467730078,1,0.5881815322752345,0.41181846772476555,1,0.5819516556219723,0.41804834437802774,1,0.5405754995283734,0.4594245004716267,1,0.5252227882612337,0.47477721173876625,1,0.498818870724728,0.5011811292752719,2,0.47939801175706487,0.5206019882429351,2,0.4785143848385086,0.5214856151614915,2,0.49077030289788653,0.5092296971021134,2,0.4650716011621467,0.5349283988378534,2
AR,34.973636627197266,-92.40151977539062,South,West South Central,US,12.177714,12.174804,12.177804,12.177709,12.177674,12.174863,12.177784,12.177739,12.177768,12.174862,74.12649,75.519295,70.70388,69.57874,72.07001,73.54354,73.15029,71.70542,72.09385,71.97194,55.806263,57.05251,53.08908,52.123707,54.95634,56.48045,56.372223,54.919952,54.777775,55.037693,0.13081804,0.09312445,0.12768237,0.11076224,0.15308882,0.12193018,0.12185079,0.1695201,0.15550438,0.14319389,0.026675344,0.019757299,0.0059293243,0.010536435,0.015266488,0.0035560068,0.0027410889,0.007066153,0.0017780036,0.0023879574,0.44454788977687454,0.5554521102231254,2,0.4629707363876229,0.537029263612377,2,0.4449695041414491,0.5550304958585509,2,0.45275276274103826,0.5472472372589617,2,0.4319276989301182,0.5680723010698818,2,0.44506763931371773,0.5549323606862823,2,0.46069839856665085,0.5393016014333492,2,0.47523427266597495,0.5247657273340249,2,0.45044350654533843,0.5495564934546615,2,0.4509584278436768,0.5490415721563232,2
CA,36.09841537475586,-119.64981079101562,West,Pacific,US,12.181508,12.178467,12.1816025,12.181503,12.181466,12.178529,12.181581,12.181534,12.181563,12.178528,78.92277,82.242096,83.05149,85.36478,83.79119,83.15319,82.64025,83.04235,81.210884,83.01874,54.43977,56.61791,56.382046,58.480255,57.722584,57.846058,55.63815,54.753544,54.525772,54.760128,0.024727175,0.018125795,0.0060942485,0.0150037445,0.013363727,0.023841925,0.03447583,0.02705642,0.035817698,0.019271424,0.0,0.0,0.0,0.0,0.0,0.0,0.0,0.0,0.0,0.0,0.37858887707553296,0.621411122924467,2,0.4136206028082508,0.5863793971917493,2,0.39268870997159905,0.6073112900284009,2,0.3872085968675009,0.6127914031324991,2,0.3893606273928864,0.6106393726071137,2,0.341696163794837,0.6583038362051631,2,0.3062720530121263,0.6937279469878738,2,0.324941821484531,0.675058178515469,2,0.29740316714083204,0.702596832859168,2,0.2880823939246501,0.7119176060753499,2
CO,39.05096435546875,-105.1851806640625,West,Mountain,US,12.19246,12.189053,12.192565,12.192454,12.192413,12.189122,12.192542,12.19249,12.192521,12.189121,52.748486,56.164352,51.797993,52.083553,52.988895,53.735172,54.656322,54.850327,50.96226,54.381668,25.887384,29.512178,25.645144,27.024626,28.095276,28.7406,32.813477,31.783056,28.857994,30.433594,0.03977741,0.032115187,0.04443875,0.04087173,0.0464609,0.035433073,0.03857567,0.02554688,0.01951374,0.016688963,0.16515006,0.09984537,0.1602004,0.16048563,0.22481638,0.1872717,0.15596037,0.10922409,0.20876354,0.14529788,0.5486348626820019,0.4513651373179981,1,0.5425477343972642,0.45745226560273583,1,0.5156085879737794,0.48439141202622066,1,0.5031748226057217,0.49682517739427834,1,0.49504781827130495,0.5049521817286949,2,0.4439075544218056,0.5560924455781944,2,0.4389497681478978,0.5610502318521022,2,0.44208644715047285,0.5579135528495273,2,0.4319181573598926,0.5680818426401074,2,0.38337601552118045,0.6166239844788195,2
CT,41.58172225952149,-72.72726440429688,Northeast,New England,US,12.203185,12.199432,12.2033,12.203178,12.203134,12.199509,12.203274,12.203217,12.203252,12.199508,60.308125,62.266373,59.35422,58.73433,60.064453,61.90694,60.61139,60.553997,59.991486,62.269352,45.055096,46.847656,43.69601,42.483242,43.538074,45.66084,44.23088,44.133453,43.0748,45.30365,0.14018802,0.089539744,0.0970507,0.09555507,0.08629722,0.093874484,0.11313275,0.14863384,0.14107952,0.12422731,0.12484566,0.08009165,0.1328502,0.114315756,0.1247587,0.0762996,0.10576352,0.12837574,0.087873764,0.06846863,0.6261305111475362,0.37386948885246385,1,0.6504026536210122,0.34959734637898776,1,0.6308148255111837,0.3691851744888162,1,0.6147207971293852,0.38527920287061473,1,0.6201695770158896,0.37983042298411035,1,0.6027670542622793,0.3972329457377207,1,0.6065591978714918,0.3934408021285082,1,0.6123495735391752,0.38765042646082476,1,0.6128635594019359,0.3871364405980641,1,0.6075768202120126,0.3924231797879873,1
DE,39.33216094970703,-75.47586059570312,South,South Atlantic,US,12.193585,12.190143,12.193692,12.19358,12.193539,12.190212,12.193668,12.193615,12.193648,12.190211,64.9411,65.618965,62.715622,61.824066,63.768627,64.34826,64.08425,63.20097,64.02058,64.272385,51.252285,52.07633,49.698383,47.98883,50.178898,51.14722,51.409092,50.57523,50.838444,51.724606,0.12789495,0.10334909,0.1090703,0.10574528,0.11575168,0.10829389,0.1301771,0.18095602,0.13366573,0.18007214,0.03692885,0.012288321,0.035977587,0.085491985,0.053104628,0.059435308,0.03531136,0.058273714,0.038936514,0.002148421,0.7320278630896053,0.2679721369103947,1,0.764328721029588,0.23567127897041193,0,0.7430518786317234,0.25694812136827655,2,0.7320894629828968,0.2679105370171032,1,0.7430801845947641,0.25691981540523595,2,0.7533193275946605,0.24668067240533947,0,0.7360017884610893,0.2639982115389107,1,0.7352666936836314,0.26473330631636866,1,0.7165163092706202,0.2834836907293799,1,0.722002217646127,0.27799778235387296,1
DC,38.91036605834961,-77.072509765625,South,South Atlantic,US,12.191902,12.188515,12.192008,12.191897,12.191856,12.188583,12.191983,12.191932,12.191964,12.188582,67.23165,68.53966,64.96253,64.40591,66.49025,66.855995,67.476295,65.55447,67.38913,67.14967,50.09712,50.81947,48.412403,46.89757,48.946247,50.2146,50.298798,49.34747,49.717896,50.44951,0.1308158,0.089268915,0.109801166,0.0950617,0.094462454,0.10726491,0.115215,0.22043093,0.123330146,0.20192325,0.03928541,0.018569322,0.048856113,0.09685568,0.06271695,0.058579504,0.03341165,0.04332578,0.046092797,0.012816443,0.811142036926395,0.18885796307360506,0,0.8192649773451921,0.18073502265480784,0,0.8166664075012828,0.18333359249871714,0,0.80859500276976,0.19140499723023996,0,0.7472076873162043,0.2527923126837956,2,0.6937706840936702,0.30622931590632985,1,0.6781323978209406,0.32186760217905935,1,0.6600968232273557,0.3399031767726442,1,0.6219607454155456,0.37803925458445437,1,0.5897769819306528,0.4102230180693472,1
FL,27.73286437988281,-81.70785522460938,South,South Atlantic,US,12.157249,12.155089,12.157315,12.157246,12.157219,12.155133,12.157302,12.157269,12.157289,12.155131,83.043976,82.82032,81.936714,81.70386,83.09546,81.17307,82.632835,81.779076,83.54067,83.51925,65.84274,65.39742,65.918526,64.663124,67.695656,66.20309,66.02067,65.44526,66.3832,66.76131,0.10003122,0.091714084,0.108922,0.10618975,0.10478415,0.16300133,0.15470184,0.15280204,0.14608099,0.14582561,0.0,0.0,0.0,0.0,0.0,0.0,0.0,0.0,0.0,0.0,0.5570175088569487,0.44298249114305127,1,0.5539436590640228,0.4460563409359773,1,0.5450850748952379,0.454914925104762,1,0.5541805762396693,0.44581942376033074,1,0.5661782134352329,0.4338217865647671,1,0.5726281603418445,0.4273718396581556,1,0.5593022137728137,0.44069778622718625,1,0.5589013989422915,0.4410986010577085,1,0.5541864264528823,0.44581357354711765,1,0.5318926803623722,0.46810731963762775,1
GA,33.07556915283203,-83.69778442382812,South,South Atlantic,US,12.171727,12.169026,12.171811,12.171722,12.171691,12.169083,12.171792,12.17175,12.171777,12.169082,75.35457,75.74857,71.97456,72.90218,74.08052,76.02205,75.01532,73.20173,76.07544,74.86394,56.601032,57.750355,55.50394,54.669743,57.375904,58.03924,57.105545,56.158325,57.020035,56.7393,0.08702082,0.09648933,0.14740473,0.10485209,0.13073751,0.08333068,0.13686424,0.15570588,0.1230922,0.16053048,0.0053472393,0.0,0.00014816696,0.0071199513,0.0,0.00029633392,0.0,0.0019261705,0.00029633392,0.0007127342,0.5052328881790367,0.4947671118209633,1,0.4991518325048091,0.5008481674951909,2,0.4559588966047787,0.5440411033952214,2,0.45055668456020903,0.549443315439791,2,0.44967404321753107,0.550325956782469,2,0.4519391383277798,0.5480608616722202,2,0.45332184381454016,0.5466781561854599,2,0.4473267972761493,0.5526732027238508,2,0.4337253923819448,0.5662746076180551,2,0.3957736173495452,0.6042263826504548,2
HI,21.124778747558597,-157.5,West,Pacific,US,12.143131,12.141557,12.143181,12.143128,12.143109,12.14159,12.143169,12.143146,12.143161,12.141589,76.62307,75.88857,76.70883,77.35224,77.75,77.39812,77.81353,77.62664,78.4739,78.15068,74.81868,74.19453,74.93767,75.54924,75.95427,75.703064,75.505325,75.38595,75.99075,75.78365,0.020795383,0.0087490035,0.021590622,0.028912261,0.029391209,0.016673965,0.0422207,0.060370352,0.031045867,0.017530791,0.0,0.0,0.0,0.0,0.0,0.0,0.0,0.0,0.0,0.0,0.5804448904636659,0.41955510953633424,1,0.562727129894324,0.43727287010567595,1,0.5148943795392906,0.4851056204607094,1,0.4886920883885473,0.5113079116114527,2,0.4785795813040118,0.5214204186959881,2,0.4535598462377372,0.5464401537622627,2,0.46424685190827425,0.5357531480917257,2,0.4700017878883336,0.5299982121116664,2,0.48298058513172826,0.5170194148682717,2,0.3901838731182462,0.6098161268817537,2
ID,44.253074645996094,-114.32061767578124,West,Mountain,US,12.216149,12.211993,12.216278,12.216144,12.216094,12.212077,12.2162485,12.216186,12.216225,12.212075,50.39797,53.688904,52.311855,52.95578,54.565582,53.387386,52.49486,52.710175,50.9912,53.341564,29.51992,32.568977,30.979149,32.144848,33.567318,33.077236,31.54114,31.06677,29.900528,30.551338,0.01624807,0.017002584,0.01980463,0.023678845,0.027252818,0.029471636,0.02405148,0.015603744,0.013811428,0.013904083,0.20294638,0.23308997,0.12413039,0.23561104,0.16611545,0.16336931,0.23066473,0.1339812,0.16335653,0.1502258,0.12320853589241745,0.8767914641075825,2,0.13739919799056977,0.8626008020094302,2,0.16236457500181778,0.8376354249981822,2,0.14468071088564227,0.8553192891143577,2,0.1568477838470372,0.8431522161529629,2,0.15854565615367935,0.8414543438463207,2,0.14462098412514862,0.8553790158748514,2,0.14244732501396765,0.8575526749860323,2,0.15675341956027308,0.8432465804397269,2,0.16316436970050657,0.8368356302994935,2
IL,40.31634140014648,-88.98733520507812,Midwest,East North Central,US,12.197652,12.194077,12.197762,12.197646,12.197602,12.194149,12.197738,12.197682,12.197716,12.194148,62.36156,65.75138,60.39853,58.35164,62.358692,63.506454,63.44219,61.256668,61.171326,62.39355,45.904606,47.90504,43.747456,41.434734,45.408398,47.502422,46.51491,44.518803,44.104137,45.154896,0.10126492,0.08463338,0.08779162,0.1062063,0.10820434,0.086062424,0.10266236,0.10622925,0.11487234,0.088351786,0.06660105,0.02841357,0.07743382,0.07637707,0.05786432,0.039046675,0.028515436,0.07352327,0.073489934,0.06834542,0.6436038193793737,0.3563961806206263,1,0.6261189052175367,0.3738810947824633,1,0.6139725526831976,0.38602744731680244,1,0.6098510597549862,0.39014894024501373,1,0.6038489188093067,0.39615108119069337,1,0.5928264904468934,0.4071735095531067,1,0.5817860734059211,0.41821392659407897,1,0.5969063460669669,0.40309365393303315,1,0.5790269884095173,0.42097301159048267,1,0.5513322478947054,0.44866775210529475,1
IN,39.82425308227539,-86.23953247070312,Midwest,East North Central,US,12.195594,12.192085,12.195702,12.195587,12.195546,12.192157,12.195678,12.195624,12.195657,12.192155,62.3473,65.06153,60.627625,58.95113,61.961178,63.62911,63.76834,62.061234,62.504333,63.360687,46.618454,47.930435,44.5513,42.00352,45.533955,47.66296,47.068726,45.682034,45.320362,46.499725,0.15014675,0.08312211,0.10169399,0.09462262,0.10983619,0.10685434,0.13450776,0.14386636,0.118667625,0.11145084,0.05592227,0.043095384,0.07649613,0.10783151,0.056090537,0.023456363,0.024122464,0.05141658,0.0700274,0.04257569,0.6319609472803379,0.3680390527196621,1,0.6363341151726766,0.3636658848273234,1,0.6221829905775459,0.37781700942245416,1,0.621915608710835,0.37808439128916504,1,0.5898756473300166,0.4101243526699834,1,0.571844598449395,0.428155401550605,1,0.5639743622893463,0.43602563771065367,1,0.5757793262418233,0.4242206737581767,1,0.5681571699890811,0.43184283001091894,1,0.5461507875882874,0.45384921241171267,1
IA,42.00351333618164,-93.27511596679688,Midwest,West North Central,US,12.2051115,12.201298,12.205228,12.205104,12.205059,12.201375,12.205201,12.205143,12.20518,12.201373,58.755463,63.23499,56.94307,55.409313,59.35587,60.423534,60.526733,57.503407,56.821346,59.443523,42.02267,44.95453,39.567757,38.058968,41.933784,43.85847,43.741455,40.771908,39.886433,41.89091,0.102151774,0.07409713,0.09262217,0.09996498,0.113560416,0.097071074,0.08398617,0.1121324,0.10818449,0.078683116,0.050072845,0.053880494,0.09744164,0.071466565,0.08357692,0.061597258,0.038671397,0.091625564,0.09879437,0.082359634,0.25514801667392245,0.7448519833260775,2,0.23311540168076134,0.7668845983192387,2,0.23233653902215723,0.7676634609778428,2,0.22486715979865946,0.7751328402013404,2,0.20688152313584363,0.7931184768641565,2,0.19395452090573564,0.8060454790942643,2,0.1941707746230043,0.8058292253769958,2,0.20404315599767064,0.7959568440023292,2,0.1859174251186235,0.8140825748813765,2,0.1541476928999406,0.8458523071000593,2
KS,38.55887222290039,-96.72555541992188,Midwest,West North Central,US,12.190526,12.187183,12.190629,12.19052,12.19048,12.187252,12.190606,12.190555,12.190587,12.187249,68.64742,72.096886,65.182045,66.22276,68.57515,69.21772,68.10429,67.04869,65.542244,67.29403,48.822098,52.20038,46.797703,46.954563,49.709476,51.060963,49.958088,47.931015,47.32077,48.51889,0.06760841,0.060500074,0.09464291,0.06499928,0.088171385,0.09379917,0.09377149,0.08165451,0.10790011,0.083207585,0.06038156,0.015077264,0.07222539,0.05044609,0.031067261,0.015503883,0.0062044915,0.04731712,0.059782196,0.036489096,0.5599937570914527,0.44000624290854734,1,0.5241245987513067,0.47587540124869326,1,0.4361477822027585,0.5638522177972415,2,0.4097138384697304,0.5902861615302696,2,0.39659254153433876,0.6034074584656614,2,0.3485883084803353,0.6514116915196647,2,0.300152856505955,0.699847143494045,2,0.3074170063540237,0.6925829936459762,2,0.2879188272613314,0.7120811727386686,2,0.2651420627972125,0.7348579372027876,2
KY,37.64498901367188,-84.71295166015625,South,East South Central,US,12.187054,12.183826,12.187154,12.187049,12.187011,12.183892,12.187133,12.187083,12.187114,12.18389,66.588745,68.61465,63.90067,63.866283,65.91837,67.03359,67.155525,66.167366,67.99698,66.9563,50.213947,51.192425,48.3911,46.900177,49.543365,50.8408,50.05009,49.112843,49.44133,49.465008,0.15256983,0.09520453,0.13051535,0.12664255,0.13661626,0.13305104,0.1307845,0.16398947,0.14988111,0.14547347,0.019975552,0.02624088,0.031040095,0.063685864,0.06621211,0.057000857,0.008305286,0.06475073,0.022943301,0.018270688,0.6740343496884917,0.3259656503115082,1,0.686812224963088,0.313187775036912,1,0.6424458802499651,0.357554119750035,1,0.644991084829664,0.355008915170336,1,0.6504495571678133,0.3495504428321867,1,0.6377089105591655,0.36229108944083455,1,0.5941498870676241,0.405850112932376,1,0.6085679489934809,0.39143205100651907,1,0.6009156379085399,0.3990843620914602,1,0.5754722544209618,0.4245277455790381,1
LA,31.17750358581543,-91.81924438476562,South,West South Central,US,12.166211,12.163712,12.166289,12.166206,12.166177,12.163764,12.166271,12.166233,12.166257,12.163761,78.36529,78.504875,75.816185,75.430626,77.44841,77.94488,77.54241,77.40624,77.59742,78.12758,60.914303,62.172153,59.549072,58.699238,61.665894,62.340427,61.242573,60.39124,59.913235,60.936447,0.11587637,0.12954265,0.14572936,0.11644111,0.15160741,0.15668328,0.1644733,0.17260902,0.19883661,0.18558918,8.2021e-05,0.0,0.0,0.006426741,0.0,0.0,0.0005926679,0.0028151728,0.00031220895,0.0,0.7440996550675377,0.2559003449324622,2,0.7437025528427434,0.25629744715725655,2,0.7078403314784033,0.2921596685215967,1,0.6772001308544958,0.3227998691455041,1,0.697223060681635,0.302776939318365,1,0.679715748886065,0.32028425111393494,1,0.7035396525118487,0.2964603474881513,1,0.7085224736244939,0.29147752637550606,1,0.7234422751937316,0.2765577248062685,1,0.730380738045829,0.269619261954171,1
ME,44.67486572265625,-69.33743286132812,Northeast,New England,US,12.218377,12.214152,12.218507,12.2183695,12.218319,12.214237,12.218478,12.218411,12.218452,12.214234,53.75089,54.93935,52.65098,52.118908,52.67602,55.320637,55.00797,54.47981,53.514652,56.294098,39.08323,39.85458,37.78954,37.121326,36.633358,39.22894,38.36853,37.417633,36.85073,39.164692,0.086328365,0.0968749,0.09085532,0.097438276,0.07941714,0.0793942,0.087693654,0.093532,0.10916541,0.08414049,0.2043785,0.14407031,0.16282773,0.22894178,0.18140997,0.13273044,0.17507355,0.21069114,0.22134821,0.16846822,0.13712871901852683,0.8628712809814733,2,0.12948279581808264,0.8705172041819174,2,0.1292597722742268,0.8707402277257733,2,0.1323419335467528,0.8676580664532472,2,0.1299419923478828,0.8700580076521173,2,0.13921822180296986,0.8607817781970302,2,0.12821866907952975,0.8717813309204703,2,0.1245232963024374,0.8754767036975626,2,0.12219621843634353,0.8778037815636565,2,0.12942850379471674,0.8705714962052833,2
MD,39.05096435546875,-76.79013061523438,South,South Atlantic,US,12.19246,12.189053,12.192565,12.192454,12.192413,12.189122,12.192542,12.19249,12.192521,12.189121,65.726585,67.109856,63.66365,62.642353,65.05374,65.39539,66.61986,64.61416,66.59063,66.495155,50.520584,51.475296,49.080074,47.192966,49.440872,50.68568,49.85446,48.837276,49.284626,50.01254,0.13417338,0.09370035,0.114658594,0.09975507,0.10305095,0.11502761,0.12632553,0.22638845,0.13427459,0.21524505,0.037999537,0.01431344,0.042982176,0.090782076,0.05895986,0.058990806,0.031739477,0.05221492,0.048894916,0.012525219,0.5716200768048582,0.42837992319514184,1,0.5887420433019619,0.411257956698038,1,0.5643179896996194,0.43568201030038056,1,0.5761051805294582,0.42389481947054175,1,0.5879378424349981,0.41206215756500175,1,0.5804497285885238,0.41955027141147616,1,0.5450712771574244,0.4549287228425756,1,0.5426649512212418,0.4573350487787582,1,0.5607620635500205,0.43923793644997955,1,0.5737984594818257,0.42620154051817427,1
MA,42.21440887451172,-71.57894897460938,Northeast,New England,US,12.20609,12.202245,12.206208,12.206082,12.206037,12.202324,12.206182,12.206122,12.206159,12.202321,59.068024,60.880543,58.249294,57.643375,58.756092,60.37703,59.297104,59.378086,59.048496,61.28301,43.6518,45.51465,42.306965,41.313545,42.18247,44.274334,43.02122,42.69711,41.965595,44.045116,0.11360935,0.07955068,0.08330508,0.09304321,0.07422625,0.07439694,0.10798514,0.1428685,0.12349519,0.11219371,0.16598369,0.09931325,0.18337037,0.13660994,0.15991236,0.09556479,0.14370307,0.16241322,0.120098144,0.095848955,0.5949449940840319,0.4050550059159681,1,0.5900501827296782,0.4099498172703217,1,0.5684423465947404,0.4315576534052596,1,0.5546622349982033,0.4453377650017966,1,0.555360223231865,0.4446397767681351,1,0.5363669478632695,0.4636330521367304,1,0.5319688936261424,0.46803110637385753,1,0.5154024919582157,0.4845975080417842,1,0.5104318986552321,0.48956810134476786,1,0.472984895588354,0.527015104411646,2
MI,43.33919143676758,-84.47607421875,Midwest,East North Central,US,12.211502,12.207488,12.211625,12.211494,12.211448,12.207569,12.211597,12.211535,12.211575,12.207568,56.087055,60.324085,55.78949,53.126892,56.811596,58.64032,57.879032,56.252148,55.83293,58.421265,39.5758,43.03119,39.29487,36.677933,39.119015,42.151524,41.44257,40.059902,38.94682,41.52741,0.09394989,0.07128584,0.08004675,0.079713516,0.065755084,0.079808675,0.100581706,0.09429219,0.09823018,0.08852896,0.109091274,0.072360225,0.10134778,0.09258354,0.07215696,0.12268803,0.07780635,0.085807,0.10226942,0.07172073,0.5972243156733219,0.4027756843266781,1,0.5817459944097102,0.41825400559028975,1,0.5567005343588065,0.44329946564119344,1,0.5466836081514794,0.4533163918485205,1,0.5262448181821598,0.4737551818178402,1,0.5264800274509013,0.4735199725490988,1,0.5234516635884114,0.47654833641158867,1,0.5250479710697549,0.4749520289302452,1,0.527311576012667,0.472688423987333,1,0.5062128610906635,0.49378713890933645,1
MN,45.72934722900391,-93.83279418945312,Midwest,West North Central,US,12.224186,12.219783,12.22432,12.224177,12.224125,12.2198715,12.22429,12.224223,12.224263,12.219871,53.194485,56.978443,50.195343,48.879642,54.481922,54.979404,54.10643,52.434887,50.658737,54.192577,37.004574,40.18417,34.143467,33.018024,38.32383,39.42427,37.12483,35.014744,33.473206,36.429653,0.058168937,0.0677416,0.059475277,0.064453326,0.06981536,0.07465037,0.07699599,0.07505291,0.075634666,0.049108174,0.08909438,0.07267607,0.1699752,0.13929476,0.055711832,0.071130954,0.07806741,0.15100947,0.17028141,0.1061411,0.3743814915872499,0.6256185084127501,2,0.36189180810303184,0.6381081918969682,2,0.37266878959418165,0.6273312104058184,2,0.3596004538087823,0.6403995461912176,2,0.3409054082024897,0.6590945917975103,2,0.34501825798413516,0.6549817420158648,2,0.33541482234513925,0.6645851776548607,2,0.34334502986041554,0.6566549701395844,2,0.34058281196369383,0.6594171880363061,2,0.3215485264648896,0.6784514735351105,2
MS,32.72407531738281,-89.67031860351562,South,East South Central,US,12.1706705,12.16801,12.1707535,12.170667,12.170635,12.168064,12.170735,12.170695,12.17072,12.168063,75.59542,76.21891,73.000374,73.12089,75.90812,76.91824,75.77752,75.25773,76.12935,75.992195,57.37586,58.720997,56.110355,55.241886,58.639606,59.25765,58.10581,56.912018,56.865433,57.294586,0.1298573,0.15066408,0.15264897,0.12117419,0.13124853,0.12938927,0.14419462,0.17032446,0.1905852,0.17919594,0.00941654,0.0,0.006371179,0.0012170858,0.005447782,0.00051858433,0.0026670054,0.0016298364,0.0040984037,0.0,0.5750351719461135,0.42496482805388647,1,0.5383007670217664,0.4616992329782335,1,0.5659530375047548,0.43404696249524516,1,0.5690840213009571,0.43091597869904286,1,0.5990795731682614,0.4009204268317385,1,0.5819051354284703,0.4180948645715298,1,0.5957520430984766,0.4042479569015234,1,0.5987736256925309,0.4012263743074691,1,0.6176772486455223,0.38232275135447763,1,0.6157829635703382,0.38421703642966176,1
MO,38.48857498168945,-92.32022094726562,Midwest,West North Central,US,12.190254,12.186919,12.190357,12.190248,12.190208,12.186988,12.190333,12.190282,12.190314,12.186986,67.23971,70.623055,64.364586,64.73032,66.289955,68.43572,68.60717,66.93221,66.058495,67.11765,49.569088,52.065426,47.23471,46.712215,49.441193,51.506866,49.862164,48.01489,47.770752,48.41208,0.09965787,0.074902676,0.103926845,0.08681556,0.14356647,0.09299808,0.119810395,0.10613888,0.14748012,0.13435523,0.0886012,0.017858887,0.06375607,0.04640289,0.030551141,0.016224282,0.009779018,0.0302885,0.06781972,0.053079534,0.6541580628746104,0.34584193712538963,1,0.6725313214014077,0.3274686785985923,1,0.645194738806458,0.35480526119354217,1,0.6445259825442834,0.3554740174557167,1,0.6399662131755811,0.3600337868244189,1,0.6337312714082658,0.36626872859173415,1,0.6201287275610254,0.3798712724389745,1,0.6098389870461142,0.39016101295388583,1,0.5730636649149888,0.42693633508501116,1,0.5625727278408871,0.43742727215911287,1
MT,46.9244270324707,-110.42140197753906,West,Mountain,US,12.23122,12.226607,12.231361,12.231213,12.231158,12.226699,12.23133,12.231258,12.231303,12.226697,47.102848,51.114117,48.107914,47.557373,50.79985,50.17375,49.509995,47.529575,45.086025,48.96578,29.856695,31.831459,30.096153,29.905718,32.1205,32.276157,31.007498,29.957094,28.278526,31.185606,0.031890593,0.020359576,0.03221195,0.037559215,0.03591028,0.042024393,0.029999904,0.052809402,0.045955848,0.025334882,0.29771963,0.24752772,0.2390746,0.26238462,0.19388475,0.1942754,0.31005064,0.28526762,0.32233262,0.25745192,0.2276370032785085,0.7723629967214914,2,0.24097079537761731,0.7590292046223827,2,0.26264197905335024,0.7373580209466497,2,0.23533291582832552,0.7646670841716745,2,0.24543923725295383,0.7545607627470462,2,0.2343650253131781,0.7656349746868218,2,0.22619103197780596,0.773808968022194,2,0.21934003938136762,0.7806599606186324,2,0.24183229384485377,0.7581677061551462,2,0.20232097735746685,0.7976790226425331,2
NE,41.15992736816406,-98.2403564453125,Midwest,West North Central,US,12.201301,12.197608,12.201415,12.201294,12.201249,12.197682,12.201388,12.201332,12.201367,12.197681,61.842056,67.58529,61.559967,62.132473,63.87088,64.949165,63.759563,60.76195,59.845535,63.897064,42.673233,46.39359,42.432644,42.258392,44.827927,46.142975,44.515293,41.373222,41.35973,43.56682,0.073108874,0.04957586,0.06101397,0.069471456,0.09287959,0.07721964,0.06808216,0.0784571,0.06811288,0.03954895,0.07634937,0.030748477,0.056913223,0.047884565,0.04882842,0.05747524,0.04757535,0.092362344,0.099553905,0.080535464,0.3454893695056158,0.6545106304943842,2,0.35384021812071564,0.6461597818792844,2,0.3592072552532533,0.6407927447467466,2,0.338102495956118,0.6618975040438819,2,0.3212877231379579,0.678712276862042,2,0.30625949573162875,0.6937405042683712,2,0.2766485089524753,0.7233514910475247,2,0.28479659156270604,0.715203408437294,2,0.27012682208750605,0.729873177912494,2,0.2563519502262394,0.7436480497737606,2
NV,38.34797668457031,-117.1583251953125,West,Mountain,US,12.189712,12.186395,12.189815,12.189706,12.189667,12.186462,12.189792,12.18974,12.189773,12.186461,61.59595,64.65382,63.01131,65.756966,64.574455,62.730434,64.11304,64.37441,60.318264,65.219666,38.279667,41.16666,39.150955,42.05479,41.796078,40.01265,42.91342,42.587963,39.41518,42.448475,0.0053826687,0.0076491013,0.0053657605,0.00953467,0.01567997,0.010779925,0.016905043,0.015602056,0.014462381,0.004253377,0.06073734,0.0587935,0.04074609,0.036401797,0.02904143,0.07495076,0.060769793,0.06351935,0.14403045,0.055993658,0.5023102491364436,0.4976897508635564,1,0.4833823793099811,0.5166176206900189,2,0.4536849501617283,0.5463150498382716,2,0.44733681287915494,0.5526631871208451,2,0.4195352030931965,0.5804647969068035,2,0.3898285993433896,0.6101714006566104,2,0.3684495755322062,0.6315504244677937,2,0.35813731432191187,0.641862685678088,2,0.34523812641174545,0.6547618735882544,2,0.317427265168147,0.6825727348318529,2
NH,43.47978591918945,-71.62164306640625,Northeast,Middle Atlantic,US,12.212201,12.208167,12.212326,12.2121935,12.212147,12.208248,12.212298,12.212235,12.2122755,12.208247,55.554127,57.804337,54.92396,54.015713,55.636074,57.675705,56.719204,56.528564,55.73527,58.33009,40.200947,42.09383,38.92823,37.927555,38.372402,40.818073,39.168613,38.45381,37.58965,39.837082,0.12229099,0.08334267,0.084913574,0.094460666,0.077687815,0.07655712,0.09653679,0.10736508,0.10720255,0.09543127,0.21415628,0.12183105,0.1774938,0.19035114,0.14643887,0.12460109,0.19706134,0.18168445,0.18326508,0.13755438,0.38984287225483827,0.6101571277451616,2,0.38349056025123596,0.616509439748764,2,0.3592397542806677,0.6407602457193323,2,0.35177824937809316,0.6482217506219069,2,0.3304717884622431,0.6695282115377568,2,0.34034094666816433,0.6596590533318356,2,0.3200221084678893,0.6799778915321107,2,0.33829807017692154,0.6617019298230784,2,0.3430917454277842,0.6569082545722158,2,0.3655934888456474,0.6344065111543525,2
NJ,40.31634140014648,-74.55694580078125,Northeast,Middle Atlantic,US,12.197652,12.194077,12.197762,12.197646,12.197602,12.194149,12.197738,12.197682,12.197716,12.194148,64.214,65.11917,62.245907,61.182575,63.355347,64.43469,64.08887,62.992764,63.66007,64.92542,47.681507,48.900913,46.358612,44.348923,46.538944,47.90141,47.3468,46.70221,46.42161,47.890194,0.14355527,0.096259244,0.104926676,0.09840166,0.095952444,0.09028322,0.10822535,0.17819208,0.1341804,0.13012679,0.061863586,0.036766436,0.067417555,0.11214317,0.081353895,0.07240612,0.07187686,0.113213845,0.056007113,0.028670305,0.7304386340044087,0.2695613659955912,1,0.7149158422192707,0.28508415778072926,1,0.6951763619444572,0.3048236380555428,1,0.6895736238036876,0.3104263761963124,1,0.713025361866415,0.286974638133585,1,0.7021433231801989,0.29785667681980105,1,0.7009675146910641,0.2990324853089359,1,0.7076420377147636,0.29235796228523636,1,0.6937635406604438,0.30623645933955623,1,0.6722890666718605,0.32771093332813944,1
NM,34.833038330078125,-106.19772338867188,West,Mountain,US,12.177254,12.174359,12.177342,12.177249,12.177215,12.174418,12.177322,12.177278,12.177306,12.174417,64.91041,66.34261,63.244495,65.29381,64.0216,65.17565,65.58444,64.96725,62.89935,65.78606,41.230747,42.983273,40.49692,41.724976,41.970757,42.31717,43.688084,42.815,41.122616,42.91385,0.023195587,0.021255463,0.03872389,0.0315578,0.033980604,0.02870736,0.044390365,0.035504278,0.02690251,0.016847106,0.05802994,0.032248028,0.0427728,0.022698825,0.07855018,0.030032337,0.07074144,0.069215484,0.07442709,0.06918962,0.639840025021045,0.360159974978955,1,0.6230956164127489,0.37690438358725115,1,0.615106475791457,0.38489352420854295,1,0.5965111640738394,0.4034888359261606,1,0.5932831725060123,0.4067168274939877,1,0.5164493380098937,0.4835506619901063,1,0.4719425521108433,0.5280574478891565,2,0.4151029023163384,0.5848970976836616,2,0.4065573603779864,0.5934426396220136,2,0.3855673837825739,0.6144326162174261,2
NY,42.14411163330078,-74.75912475585938,Northeast,Middle Atlantic,US,12.205762,12.201928,12.20588,12.205754,12.20571,12.202006,12.205853,12.205795,12.205831,12.202004,52.97646,54.944275,51.49739,50.493465,52.41482,54.310062,52.71884,52.29526,52.41808,54.186657,37.93577,39.820553,36.13026,34.711544,36.16893,38.53993,37.46533,37.240803,36.280804,38.528805,0.1351153,0.092437595,0.09288055,0.086153544,0.083666,0.079290845,0.10302026,0.1240456,0.11316025,0.10177838,0.22662824,0.13625093,0.16796346,0.1830317,0.1318342,0.13180353,0.15295328,0.23765063,0.15623288,0.14711438,0.4222331234840433,0.5777668765159567,2,0.4369807349488223,0.5630192650511777,2,0.4321848865497051,0.567815113450295,2,0.42907469471390536,0.5709253052860946,2,0.42303601958778764,0.5769639804122124,2,0.41214430387056583,0.5878556961294341,2,0.3884370906955166,0.6115629093044834,2,0.40153175985033496,0.598468240149665,2,0.391595952213331,0.6084040477866689,2,0.37241416100196917,0.6275858389980308,2
NC,35.606327056884766,-79.820068359375,South,South Atlantic,US,12.179824,12.176842,12.179916,12.179818,12.179784,12.176903,12.179896,12.179851,12.179878,12.1769,71.76382,71.94645,68.21578,68.295105,70.453606,71.0545,71.25399,69.38404,71.723045,70.78535,53.75049,54.208508,51.905407,51.17984,53.653748,54.16016,53.105373,52.688705,53.262287,53.354755,0.088360526,0.082941346,0.1216422,0.098237745,0.11471555,0.11228708,0.10776075,0.1733102,0.12125362,0.15770994,0.007969267,0.0024549733,0.012154806,0.045206796,0.027199224,0.013324808,0.02763314,0.039274123,0.0052410536,0.0053851027,0.53745754611907,0.46254245388092996,1,0.5316793067285425,0.4683206932714575,1,0.4874828863202783,0.5125171136797217,2,0.515720048249653,0.48427995175034694,1,0.5175370258756617,0.48246297412433825,1,0.5027597255590722,0.4972402744409278,1,0.4782267683828317,0.5217732316171684,2,0.45669395392657564,0.5433060460734244,2,0.44751546335300174,0.5524845366469983,2,0.40928984176550154,0.5907101582344985,2
ND,47.5571174621582,-99.76974487304688,Midwest,West North Central,US,12.235158,12.230427,12.235303,12.235149,12.235093,12.230521,12.2352705,12.235198,12.235242,12.230519,49.551636,55.57546,47.105053,48.25786,54.057514,54.44546,51.879345,49.994312,47.125072,53.011723,33.810856,37.041035,30.732178,30.836617,35.73334,37.517925,34.683826,31.799433,30.79733,34.835514,0.05811617,0.04827985,0.05780658,0.052660022,0.04339382,0.06396165,0.032679304,0.040031537,0.05885524,0.025894342,0.10664476,0.063075095,0.13839023,0.06879216,0.08124735,0.11515453,0.06504565,0.11007658,0.176131,0.060212415,0.38819178522722536,0.6118082147727747,2,0.40503758126264194,0.594962418737358,2,0.4152949327187711,0.5847050672812288,2,0.394495862369338,0.605504137630662,2,0.39034016893177453,0.6096598310682254,2,0.34585492901908677,0.6541450709809132,2,0.29493784424456443,0.7050621557554356,2,0.30821895460148485,0.6917810453985151,2,0.30389216486535003,0.6961078351346499,2,0.27699592352290087,0.7230040764770992,2
OH,40.38664245605469,-82.774658203125,Midwest,East North Central,US,12.197949,12.194364,12.19806,12.197944,12.197902,12.194438,12.198035,12.19798,12.198014,12.194436,60.130142,62.55425,58.213394,56.75301,59.26251,61.270367,60.732605,59.114532,60.508656,60.615646,44.910824,46.38333,43.174595,41.00474,43.37723,45.602478,44.886414,43.997524,43.983227,44.9086,0.13949372,0.084917374,0.113539964,0.09748206,0.110992044,0.1049032,0.12945557,0.17060663,0.11652165,0.122722335,0.079831295,0.073221214,0.07164755,0.09694582,0.082581736,0.058647886,0.044600192,0.0948542,0.089333214,0.07335124,0.7046289153601476,0.2953710846398524,1,0.6844514229688686,0.31554857703113137,1,0.6714756890122234,0.3285243109877765,1,0.6721107834450954,0.32788921655490455,1,0.6674103117184916,0.33258968828150837,1,0.6591515716303753,0.34084842836962476,1,0.6637678863811273,0.3362321136188727,1,0.670902489680326,0.32909751031967405,1,0.6592884144163327,0.3407115855836674,1,0.6618188827916516,0.3381811172083484,1
OK,35.53602600097656,-96.93197631835938,South,West South Central,US,12.179587,12.176612,12.179679,12.179582,12.179546,12.176673,12.179658,12.179612,12.179642,12.176671,75.3641,75.73896,70.89475,71.07433,71.990105,73.64571,73.71383,71.6493,71.553566,72.64259,55.91836,57.46837,52.74412,52.847584,54.84435,56.538372,54.98677,53.27405,53.220856,53.942104,0.055927485,0.06680056,0.096212596,0.07216684,0.14080155,0.07299046,0.091430865,0.09787294,0.1430578,0.09786412,0.04808547,0.0061259368,0.031751297,0.021566054,0.019599842,0.0007408348,0.0035560073,0.0073145083,0.016704062,0.026498383,0.5766160721335525,0.4233839278664476,1,0.5354217125129678,0.4645782874870323,1,0.46121422649342475,0.5387857735065752,2,0.46376618965339006,0.5362338103466099,2,0.42709996761076946,0.5729000323892306,2,0.3622050176766415,0.6377949823233585,2,0.3302876098098107,0.6697123901901894,2,0.32414576137191886,0.6758542386280811,2,0.3006345062843065,0.6993654937156936,2,0.29240851507294047,0.7075914849270596,2
OR,44.60456848144531,-121.98460388183594,West,Pacific,US,12.218002,12.213788,12.218132,12.217995,12.217945,12.213874,12.218102,12.218038,12.218078,12.213871,52.161316,53.959213,54.38711,56.54604,58.785553,55.2296,54.861225,55.77176,53.582672,55.4044,34.933292,35.915607,36.344666,38.455456,39.47541,37.38976,36.540615,36.530437,35.72627,36.91241,0.0841623,0.11338079,0.0771176,0.1508293,0.09702551,0.10333984,0.12589708,0.08818882,0.0907104,0.09930333,0.5534057,0.81766886,0.3415185,0.45610675,0.3192423,0.48762408,0.8409426,0.6321612,0.49654505,0.76929617,0.09761122203976814,0.9023887779602319,2,0.1013366115317212,0.8986633884682788,2,0.11369116714279115,0.8863088328572087,2,0.10592392743345123,0.8940760725665489,2,0.11652444295222698,0.883475557047773,2,0.11003413965525692,0.889965860344743,2,0.10653575498964513,0.8934642450103549,2,0.1110630715800021,0.8889369284199979,2,0.12971098952262808,0.870289010477372,2,0.11267110648359299,0.8873288935164071,2
PA,40.597537994384766,-77.2701416015625,Northeast,New England,US,12.19885,12.195236,12.198962,12.198844,12.198802,12.19531,12.198936,12.198882,12.198916,12.195309,60.467106,62.49821,59.655003,58.122223,60.84271,61.878174,61.532345,59.472702,61.063522,62.6239,44.118576,45.95906,43.309917,41.1875,43.40451,45.325897,44.206024,43.340206,43.09381,44.66287,0.16383299,0.0958792,0.090148784,0.08007555,0.08623733,0.0987578,0.10559546,0.18387984,0.11659041,0.09675906,0.07932859,0.05900051,0.09300705,0.09964016,0.083354495,0.06537637,0.07969213,0.10796098,0.08358362,0.05819078,0.6619891164860461,0.3380108835139538,1,0.6689074661098373,0.33109253389016263,1,0.6466881151041443,0.35331188489585574,1,0.6529080255306495,0.34709197446935053,1,0.6419651684284307,0.35803483157156935,1,0.639401113616734,0.360598886383266,1,0.6300436617272187,0.36995633827278124,1,0.6251989278647174,0.3748010721352826,1,0.6444600596189113,0.35553994038108877,1,0.6419366988016904,0.35806330119830976,1
RI,41.65201950073242,-71.53179931640625,Northeast,New England,US,12.203503,12.19974,12.203618,12.203496,12.203452,12.199817,12.203593,12.203534,12.20357,12.199815,59.26582,60.59811,58.205288,57.444942,58.614086,59.883884,59.5957,59.60521,59.139603,61.126804,45.31094,46.868286,44.067703,42.866535,43.77638,45.493484,44.369053,44.076298,43.349125,45.519253,0.11939583,0.08750231,0.09471177,0.11110479,0.0821136,0.0943303,0.11176307,0.15385582,0.15354936,0.12594076,0.12307948,0.08168658,0.1562283,0.11475531,0.15192862,0.0888169,0.102829635,0.16057117,0.09629953,0.05980393,0.7280168999207817,0.2719831000792184,1,0.7470514619439493,0.25294853805605066,2,0.7362419006479481,0.26375809935205186,1,0.6922261993324167,0.3077738006675833,1,0.6831839470888387,0.3168160529111613,1,0.6632353360517836,0.33676466394821636,1,0.6397749864449666,0.3602250135550334,1,0.6509886627775674,0.3490113372224326,1,0.596953304901146,0.40304669509885405,1,0.5486762661273857,0.4513237338726143,1
SC,33.84885787963867,-80.92153930664062,South,South Atlantic,US,12.174107,12.171322,12.174191,12.174102,12.174068,12.171379,12.174172,12.17413,12.174157,12.171378,76.15153,75.87939,72.72186,73.483315,74.978966,74.80052,76.063385,74.58297,76.3031,74.91965,57.083786,57.59033,55.428196,55.10673,57.508358,57.619083,57.706432,57.22526,57.633743,57.64574,0.08781394,0.097478665,0.13447948,0.11061805,0.13167378,0.118668996,0.12295733,0.14425229,0.11510237,0.14840221,0.008741851,0.0,0.0,0.011601473,0.000328084,0.00060288626,0.0021484208,0.00096308516,7.408348e-05,0.0,0.546954926551344,0.45304507344865597,1,0.527803923300928,0.472196076699072,1,0.4960490495222911,0.5039509504777089,2,0.4974703628972189,0.5025296371027811,2,0.5129255258845475,0.48707447411545235,1,0.5175086785076337,0.4824913214923663,1,0.5071335634604192,0.49286643653958084,1,0.495318223338313,0.504681776661687,2,0.49184681181722045,0.5081531881827794,2,0.46601639310552895,0.5339836068944711,2
SD,44.32337188720703,-99.49539184570312,Midwest,West North Central,US,12.216517,12.212349,12.216645,12.21651,12.216461,12.212433,12.216617,12.216553,12.216594,12.212432,55.250443,62.814713,55.568314,56.33841,59.851654,60.23074,58.389084,55.57024,51.818645,58.290646,37.888695,42.399082,37.06699,36.564175,40.555347,41.6561,39.915882,37.62344,35.471783,39.444115,0.06354024,0.037292164,0.056120653,0.05082835,0.050951645,0.050978765,0.04410623,0.037636522,0.058207765,0.02851405,0.100963436,0.06220526,0.122086935,0.048730876,0.051193446,0.06898747,0.05538057,0.12156129,0.17881142,0.070204146,0.12414272111638337,0.8758572788836165,2,0.1371922122834966,0.8628077877165033,2,0.1521449153216502,0.8478550846783498,2,0.14177717378989263,0.8582228262101074,2,0.136754264072973,0.8632457359270271,2,0.131166370288313,0.868833629711687,2,0.1312970113673845,0.8687029886326154,2,0.13100225827131007,0.8689977417286899,2,0.1264513858318836,0.8735486141681164,2,0.11969879638963202,0.880301203610368,2
TN,35.74692153930664,-86.6365966796875,South,East South Central,US,12.180302,12.177302,12.180394,12.180297,12.180261,12.177363,12.180374,12.180327,12.180356,12.1773615,69.69689,70.75733,66.74739,66.64687,68.8424,71.316414,69.95194,68.71718,70.68815,69.6596,52.625744,53.56717,50.8728,49.843655,52.67365,53.989777,52.71913,51.848907,52.284412,52.065155,0.13654141,0.12481856,0.15326574,0.14176701,0.14014778,0.10745687,0.17467435,0.21909463,0.2019726,0.18936324,0.015103329,0.005234381,0.008458922,0.011303729,0.015414655,0.025510265,0.0047413423,0.010072708,0.0074790795,0.014649115,0.4711186505154342,0.5288813494845657,2,0.47130889138027054,0.5286911086197295,2,0.4198261331318615,0.5801738668681385,2,0.46650468606307716,0.533495313936923,2,0.45469456852214024,0.5453054314778598,2,0.5028998623547523,0.49710013764524774,1,0.4809526040978846,0.5190473959021153,2,0.46561069057712556,0.5343893094228744,2,0.4736346081350351,0.5263653918649649,2,0.4324679295148053,0.5675320704851948,2
TX,31.03690528869629,-97.580078125,South,West South Central,US,12.16582,12.163335,12.165897,12.165816,12.165787,12.163386,12.165881,12.165841,12.165866,12.163384,81.24264,79.81673,77.442856,77.27327,77.25199,77.74703,78.38506,76.40685,76.75117,78.657616,60.792027,61.149494,58.387802,58.097187,59.719433,60.965084,61.288662,59.562756,59.103348,60.40222,0.054041456,0.09277788,0.088746466,0.06805658,0.13057472,0.119698316,0.112916626,0.13271794,0.09411344,0.11009875,0.0041830707,0.00023757808,0.00029633392,0.003489861,0.0015504615,0.0,7.408348e-05,0.00037041746,0.0072125564,0.001504661,0.6828961811686967,0.3171038188313034,1,0.680686710797446,0.319313289202554,1,0.6717858209056682,0.3282141790943318,1,0.6516480041350365,0.34835199586496346,1,0.6414726312168809,0.3585273687831191,1,0.59560924802283,0.40439075197717006,1,0.5699183306325721,0.430081669367428,1,0.561601695256275,0.4383983047437249,1,0.5495892448797902,0.4504107551202097,1,0.515114820347227,0.4848851796527729,1
UT,40.17574691772461,-111.96351623535156,West,Mountain,US,12.197059,12.193501,12.197167,12.197052,12.19701,12.193574,12.197144,12.197089,12.197124,12.193573,59.13258,64.12031,60.318176,64.33784,64.261894,63.00052,64.14693,64.57458,61.325687,65.495964,40.26367,43.49826,41.057358,44.113953,44.31,43.56151,45.210896,45.204105,42.873962,44.505146,0.04010602,0.016497357,0.021699732,0.036682636,0.025127327,0.035183594,0.039862808,0.024685398,0.03529196,0.010603584,0.13240252,0.14339018,0.102782704,0.07609132,0.10007214,0.119103245,0.07496313,0.08467212,0.13751586,0.07407249,0.7318045110203466,0.2681954889796534,1,0.7462196912004535,0.2537803087995465,2,0.7797497648762034,0.22025023512379666,0,0.7456655423470857,0.2543344576529143,2,0.7154288323550796,0.2845711676449204,1,0.6282838789480342,0.3717161210519658,1,0.5549667790442404,0.4450332209557594,1,0.5772959521497307,0.42270404785026927,1,0.5855710958444,0.4144289041556,1,0.5622849481544481,0.4377150518455519,1
VT,44.042179107666016,-72.90274047851562,Northeast,New England,US,12.215056,12.210933,12.215183,12.215049,12.215,12.211017,12.215156,12.215092,12.21513,12.211015,49.365765,51.820282,48.61529,47.4635,49.187946,51.309414,48.86722,48.598774,47.500744,50.554996,33.914623,35.609917,32.440224,31.427435,31.938581,34.45477,34.78458,33.75884,32.94478,35.78509,0.126654,0.10002914,0.10924736,0.09374181,0.10221332,0.090005636,0.111032106,0.10816044,0.11835625,0.0934036,0.26607314,0.13539095,0.17161809,0.2352551,0.16212042,0.16757452,0.26100528,0.31307027,0.28228188,0.2308488,0.29770118854167554,0.7022988114583244,2,0.3204137472691408,0.6795862527308593,2,0.2778034194694368,0.7221965805305632,2,0.28769763360552614,0.7123023663944739,2,0.18477631452390156,0.8152236854760984,2,0.18886234071093225,0.8111376592890678,2,0.1796397587706117,0.8203602412293883,2,0.16898869653385407,0.8310113034661459,2,0.1732833712330112,0.8267166287669887,2,0.17413593586037268,0.8258640641396272,2
VA,37.785587310791016,-78.1927490234375,South,South Atlantic,US,12.187579,12.184334,12.187679,12.1875725,12.187534,12.1844,12.187656,12.187607,12.187637,12.184398,69.61079,70.37208,66.39042,66.52664,68.18401,69.811584,70.43987,68.631645,70.62713,70.295845,51.889835,52.282913,49.76889,48.910526,50.976955,52.37033,51.580936,50.670822,51.196747,51.551052,0.10554973,0.081494994,0.12847163,0.102540374,0.10690326,0.09716203,0.092704415,0.16474941,0.098457806,0.15048523,0.011866585,0.008688204,0.05387192,0.06716233,0.04570951,0.03861793,0.01940987,0.03916141,0.029609581,0.005349338,0.56045454266434,0.43954545733565986,1,0.564729948381893,0.435270051618107,1,0.544631314322566,0.455368685677434,1,0.5267108110354514,0.4732891889645486,1,0.5274417174484263,0.4725582825515738,1,0.5382085390218212,0.4617914609781788,1,0.5352957887798182,0.46470421122018174,1,0.5200574805223898,0.47994251947761024,1,0.5386355712490483,0.46136442875095174,1,0.5242514816286973,0.4757485183713026,1
WA,47.41651916503906,-121.57376098632812,West,Pacific,US,12.234269,12.229565,12.234413,12.234261,12.234206,12.229659,12.23438,12.234309,12.234353,12.229657,50.258907,52.303772,53.040314,54.336697,56.81838,53.80546,52.65259,53.217976,51.843983,53.028442,36.083073,37.567352,38.12818,39.42532,40.675133,39.423977,37.980007,38.940212,37.658947,38.875572,0.18189351,0.17831498,0.15229319,0.20451309,0.17964874,0.1696365,0.16895074,0.17440605,0.1449263,0.19425483,0.3949764,0.53343123,0.33015195,0.31906924,0.21147533,0.2954311,0.89352685,0.8558549,0.45260176,0.80682707,0.09048007659115144,0.9095199234088485,2,0.09670944153702775,0.9032905584629722,2,0.11202943283703529,0.8879705671629646,2,0.10956365277845344,0.8904363472215466,2,0.11895887457756397,0.8810411254224361,2,0.11881816506188161,0.8811818349381184,2,0.11579485785022658,0.8842051421497734,2,0.1176050042701672,0.8823949957298329,2,0.14440759987830995,0.85559240012169,2,0.11367247650750112,0.8863275234924989,2
WV,38.48857498168945,-80.96334838867188,South,South Atlantic,US,12.190254,12.186919,12.190357,12.190248,12.190208,12.186988,12.190333,12.190282,12.190314,12.186986,64.166435,65.57247,62.15312,62.03221,64.13673,64.85093,65.57385,64.6059,66.5492,65.58789,48.35796,48.92639,46.951763,45.622326,48.06627,48.98962,49.079784,48.442184,48.804348,49.06795,0.15854527,0.12976177,0.12473697,0.11292955,0.12864318,0.14416833,0.14159818,0.18223108,0.1350216,0.14539132,0.058029413,0.06449554,0.0649915,0.10042351,0.07954185,0.06703601,0.03525245,0.078405894,0.044998128,0.04967323,0.6818023789643215,0.3181976210356785,1,0.6798095228602469,0.32019047713975296,1,0.6469815719212982,0.3530184280787019,1,0.6754311810662418,0.32456881893375833,1,0.7118794496547857,0.28812055034521444,1,0.7041390870665808,0.2958609129334191,1,0.6879665944896401,0.3120334055103599,1,0.6725086498844645,0.32749135011553554,1,0.6829055175754759,0.3170944824245241,1,0.6720592724523642,0.32794072754763576,1
WI,44.253074645996094,-89.58779907226562,Midwest,East North Central,US,12.216149,12.211993,12.216278,12.216144,12.216094,12.212077,12.2162485,12.216186,12.216225,12.212075,54.47024,59.012604,52.029255,50.73428,55.369293,56.210236,55.137127,54.044582,52.556797,55.778442,38.090385,41.6872,35.738174,34.16881,38.40977,40.445076,38.52415,36.850597,35.95786,38.440033,0.069354534,0.05871387,0.08243909,0.08508571,0.083146006,0.08674556,0.08396997,0.09602264,0.10213154,0.08903459,0.106963135,0.08637009,0.12852478,0.119987726,0.086664796,0.10312045,0.0898749,0.12731688,0.18519582,0.10710522,0.44320592308199996,0.5567940769180001,2,0.44610439240568883,0.5538956075943111,2,0.44940532170368,0.5505946782963199,2,0.4401791298605655,0.5598208701394344,2,0.43184700307724744,0.5681529969227526,2,0.4263466029410838,0.5736533970589162,2,0.4328350886420691,0.567164911357931,2,0.43746462430772864,0.5625353756922713,2,0.42908089387725934,0.5709191061227408,2,0.43619864572611583,0.5638013542738841,2
WY,42.776798248291016,-107.44082641601562,West,Mountain,US,12.2087555,12.204826,12.208877,12.208748,12.208701,12.204906,12.208848,12.208789,12.208825,12.2049055,48.07301,53.22645,48.89017,50.74182,51.440216,50.542477,48.072662,48.0988,44.376156,48.681538,25.834135,30.734636,26.316597,27.5016,29.499664,28.0614,30.577478,29.314196,26.944878,29.662409,0.014504764,0.0074627004,0.012627075,0.01641574,0.019791277,0.014038223,0.018614382,0.015188827,0.0153795285,0.007713526,0.13761394,0.08887863,0.15587658,0.11631018,0.1266621,0.16547142,0.22807394,0.1357116,0.21891613,0.13232535,0.5634486216954946,0.43655137830450536,1,0.5966662668513086,0.4033337331486913,1,0.6046715391632623,0.3953284608367377,1,0.5889501221812098,0.4110498778187902,1,0.595803680924777,0.404196319075223,1,0.5593324026407961,0.44066759735920386,1,0.5646108679867915,0.43538913201320856,1,0.590037584864534,0.409962415135466,1,0.5637110011401254,0.4362889988598746,1,0.5042539931008494,0.49574600689915066,1
