,2011-(Fossil),2012-(Fossil),2013-(Fossil),2014-(Fossil),2015-(Fossil),2016-(Fossil),2017-(Fossil),2018-(Fossil),2019-(Fossil),2020-(Fossil),2011(TR),2012(TR),2013(TR),2014(TR),2015(TR),2016(TR),2017(TR),2018(TR),2019(TR),2020(TR),latitude,longitude,region,sub-region,country,daylight_hr_avg_2011,daylight_hr_avg_2012,daylight_hr_avg_2013,daylight_hr_avg_2014,daylight_hr_avg_2015,daylight_hr_avg_2016,daylight_hr_avg_2017,daylight_hr_avg_2018,daylight_hr_avg_2019,daylight_hr_avg_2020,max_temp_avg_2011,max_temp_avg_2012,max_temp_avg_2013,max_temp_avg_2014,max_temp_avg_2015,max_temp_avg_2016,max_temp_avg_2017,max_temp_avg_2018,max_temp_avg_2019,max_temp_avg_2020,min_temp_avg_2011,min_temp_avg_2012,min_temp_avg_2013,min_temp_avg_2014,min_temp_avg_2015,min_temp_avg_2016,min_temp_avg_2017,min_temp_avg_2018,min_temp_avg_2019,min_temp_avg_2020,rain_avg_2011,rain_avg_2012,rain_avg_2013,rain_avg_2014,rain_avg_2015,rain_avg_2016,rain_avg_2017,rain_avg_2018,rain_avg_2019,rain_avg_2020,snowfall_avg_2011,snowfall_avg_2012,snowfall_avg_2013,snowfall_avg_2014,snowfall_avg_2015,snowfall_avg_2016,snowfall_avg_2017,snowfall_avg_2018,snowfall_avg_2019,snowfall_avg_2020
AL,219347.9,216635.2,210970.2,214817.8,214636.3,208148.8,203656.5,207961.7,205109.5,195236.6,279972,265964,336863,293890,284365,259513,285081,301170,298545,308209,32.794376373291016,-86.80929565429688,South,East South Central,US,12.170882,12.168212,12.170964,12.1708765,12.170845,12.168266,12.170945,12.170905,12.17093,12.168265,75.40708,75.69176,72.584785,72.776985,74.55021,76.44139,75.35471,74.41549,76.37298,75.15762,57.37363,58.60608,56.442932,55.313313,58.33801,59.03803,57.889515,57.010105,57.847775,57.671814,0.11723531,0.1367483,0.15327092,0.13235974,0.1528118,0.12141392,0.1484038,0.17782366,0.14386483,0.1676748,0.005762636,0.0,0.00037288686,0.005503344,0.000164042,0.0,0.010149437,0.0024447548,0.00014816696,7.919269e-05
AK,62414.8,61281.2,57821.5,57360.100000000006,58928.6,56733.3,57672.7,57919.3,58182.2,61441.7,16702,17831,18931,22760,23819,26254,24447,24996,23608,25527,61.33567428588867,-152.2572784423828,West,Pacific,US,12.399331,12.390161,12.3995905,12.399296,12.399188,12.390317,12.399516,12.399377,12.3994665,12.390334,12.980714,12.623307,15.690492,17.333048,16.901987,18.504827,14.286382,15.957394,17.362288,13.892414,6.2103915,5.7900987,8.593219,10.840091,10.617021,12.15038,8.054194,9.924479,11.445083,7.5206966,0.055543203,0.056584958,0.048198003,0.070924215,0.038779322,0.054935366,0.024362678,0.026576214,0.019087784,0.018517112,0.87710816,0.84750915,0.8354959,0.9037387,1.0007857,0.9503619,1.5157776,1.5501307,1.6411747,1.1418132
AZ,163332.6,163270.90000000002,166704.3,164536.1,164865.7,161264.3,159064.5,164739.19999999998,168241.9,154422.69999999998,129110,114315,119753,139836,149031,162028,172736,179533,174570,177618,33.70825958251953,-111.35403442382812,West,Mountain,US,12.173668,12.170898,12.173753,12.173663,12.17363,12.170956,12.173734,12.173692,12.173718,12.170955,76.1193,77.58698,75.639015,77.00653,76.23558,77.22656,75.89667,74.93424,72.45913,76.50242,49.397938,50.337574,49.679047,51.04399,50.899837,51.037586,53.416485,52.845104,50.953373,53.22526,0.026631474,0.029082729,0.04160964,0.037805304,0.044331122,0.04151463,0.057587907,0.054581355,0.07156693,0.031976756,0.033850152,0.021323865,0.028157013,0.005926678,0.011505164,0.026482714,0.015631616,0.008379371,0.08672741,0.0013335026
AR,108151.7,108087.0,106121.4,108897.0,98284.5,102523.2,103906.7,113051.2,108348.6,97021.0,135133,125377,132370,131625,129264,127831,121635,124834,132189,118123,34.973636627197266,-92.40151977539062,South,West South Central,US,12.177714,12.174804,12.177804,12.177709,12.177674,12.174863,12.177784,12.177739,12.177768,12.174862,74.12649,75.519295,70.70388,69.57874,72.07001,73.54354,73.15029,71.70542,72.09385,71.97194,55.806263,57.05251,53.08908,52.123707,54.95634,56.48045,56.372223,54.919952,54.777775,55.037693,0.13081804,0.09312445,0.12768237,0.11076224,0.15308882,0.12193018,0.12185079,0.1695201,0.15550438,0.14319389,0.026675344,0.019757299,0.0059293243,0.010536435,0.015266488,0.0035560068,0.0027410889,0.007066153,0.0017780036,0.0023879574
CA,580950.5,577346.9,580233.5,571021.9,580966.9,579414.7999999999,580457.3,584343.3,581385.6000000001,503756.2,953565,818490,897358,903692,911138,1116287,1314777,1213958,1373488,1244897,36.09841537475586,-119.64981079101562,West,Pacific,US,12.181508,12.178467,12.1816025,12.181503,12.181466,12.178529,12.181581,12.181534,12.181563,12.178528,78.92277,82.242096,83.05149,85.36478,83.79119,83.15319,82.64025,83.04235,81.210884,83.01874,54.43977,56.61791,56.382046,58.480255,57.722584,57.846058,55.63815,54.753544,54.525772,54.760128,0.024727175,0.018125795,0.0060942485,0.0150037445,0.013363727,0.023841925,0.03447583,0.02705642,0.035817698,0.019271424,0.0,0.0,0.0,0.0,0.0,0.0,0.0,0.0,0.0,0.0
CO,130973.9,128506.5,130869.4,132853.5,131059.9,126823.9,126770.8,131499.1,135351.09999999998,120734.5,107753,108351,122946,131177,133682,158875,162034,165952,178021,194190,39.05096435546875,-105.1851806640625,West,Mountain,US,12.19246,12.189053,12.192565,12.192454,12.192413,12.189122,12.192542,12.19249,12.192521,12.189121,52.748486,56.164352,51.797993,52.083553,52.988895,53.735172,54.656322,54.850327,50.96226,54.381668,25.887384,29.512178,25.645144,27.024626,28.095276,28.7406,32.813477,31.783056,28.857994,30.433594,0.03977741,0.032115187,0.04443875,0.04087173,0.0464609,0.035433073,0.03857567,0.02554688,0.01951374,0.016688963,0.16515006,0.09984537,0.1602004,0.16048563,0.22481638,0.1872717,0.15596037,0.10922409,0.20876354,0.14529788
CT,72616.29999999999,72510.4,73390.7,72551.5,76354.1,72635.59999999999,72085.8,78306.1,77351.9,72423.4,43360,38975,42952,45472,46764,47868,46758,49572,48862,46777,41.58172225952149,-72.72726440429688,Northeast,New England,US,12.203185,12.199432,12.2033,12.203178,12.203134,12.199509,12.203274,12.203217,12.203252,12.199508,60.308125,62.266373,59.35422,58.73433,60.064453,61.90694,60.61139,60.553997,59.991486,62.269352,45.055096,46.847656,43.69601,42.483242,43.538074,45.66084,44.23088,44.133453,43.0748,45.30365,0.14018802,0.089539744,0.0970507,0.09555507,0.08629722,0.093874484,0.11313275,0.14863384,0.14107952,0.12422731,0.12484566,0.08009165,0.1328502,0.114315756,0.1247587,0.0762996,0.10576352,0.12837574,0.087873764,0.06846863
DE,21427.7,23078.6,22032.9,22035.6,22397.7,23199.9,22057.9,22316.300000000003,21595.300000000003,20055.2,7844,7116,7619,8064,7744,7597,7912,8035,8544,7722,39.33216094970703,-75.47586059570312,South,South Atlantic,US,12.193585,12.190143,12.193692,12.19358,12.193539,12.190212,12.193668,12.193615,12.193648,12.190211,64.9411,65.618965,62.715622,61.824066,63.768627,64.34826,64.08425,63.20097,64.02058,64.272385,51.252285,52.07633,49.698383,47.98883,50.178898,51.14722,51.409092,50.57523,50.838444,51.724606,0.12789495,0.10334909,0.1090703,0.10574528,0.11575168,0.10829389,0.1301771,0.18095602,0.13366573,0.18007214,0.03692885,0.012288321,0.035977587,0.085491985,0.053104628,0.059435308,0.03531136,0.058273714,0.038936514,0.002148421
DC,5566.3,4882.0,5251.9,5546.799999999999,5412.1,4968.3,4755.2,5167.700000000001,5016.3,4347.6,1296,1077,1179,1313,1831,2193,2257,2661,3049,3024,38.91036605834961,-77.072509765625,South,South Atlantic,US,12.191902,12.188515,12.192008,12.191897,12.191856,12.188583,12.191983,12.191932,12.191964,12.188582,67.23165,68.53966,64.96253,64.40591,66.49025,66.855995,67.476295,65.55447,67.38913,67.14967,50.09712,50.81947,48.412403,46.89757,48.946247,50.2146,50.298798,49.34747,49.717896,50.44951,0.1308158,0.089268915,0.109801166,0.0950617,0.094462454,0.10726491,0.115215,0.22043093,0.123330146,0.20192325,0.03928541,0.018569322,0.048856113,0.09685568,0.06271695,0.058579504,0.03341165,0.04332578,0.046092797,0.012816443
FL,362940.8,356856.1,361653.1,370444.5,383380.5,388572.7,389133.9,398873.9,392027.1,359172.5,288638,287354,301827,298010,293757,290005,306615,314801,315365,316100,27.73286437988281,-81.70785522460938,South,South Atlantic,US,12.157249,12.155089,12.157315,12.157246,12.157219,12.155133,12.157302,12.157269,12.157289,12.155131,83.043976,82.82032,81.936714,81.70386,83.09546,81.17307,82.632835,81.779076,83.54067,83.51925,65.84274,65.39742,65.918526,64.663124,67.695656,66.20309,66.02067,65.44526,66.3832,66.76131,0.10003122,0.091714084,0.108922,0.10618975,0.10478415,0.16300133,0.15470184,0.15280204,0.14608099,0.14582561,0.0,0.0,0.0,0.0,0.0,0.0,0.0,0.0,0.0,0.0
GA,252052.2,237168.0,238028.6,243657.0,245863.6,245911.7,243465.2,245708.2,240662.9,215065.6,246831,237974,284011,297134,300896,298214,293604,303573,314211,328340,33.07556915283203,-83.69778442382812,South,South Atlantic,US,12.171727,12.169026,12.171811,12.171722,12.171691,12.169083,12.171792,12.17175,12.171777,12.169082,75.35457,75.74857,71.97456,72.90218,74.08052,76.02205,75.01532,73.20173,76.07544,74.86394,56.601032,57.750355,55.50394,54.669743,57.375904,58.03924,57.105545,56.158325,57.020035,56.7393,0.08702082,0.09648933,0.14740473,0.10485209,0.13073751,0.08333068,0.13686424,0.15570588,0.1230922,0.16053048,0.0053472393,0.0,0.00014816696,0.0071199513,0.0,0.00029633392,0.0,0.0019261705,0.00029633392,0.0007127342
HI,28225.7,27578.300000000003,27584.9,26757.7,27002.8,26866.3,27731.6,27602.5,27874.5,20133.8,20402,21430,25989,27996,29420,32368,32003,31126,29839,31467,21.124778747558597,-157.5,West,Pacific,US,12.143131,12.141557,12.143181,12.143128,12.143109,12.14159,12.143169,12.143146,12.143161,12.141589,76.62307,75.88857,76.70883,77.35224,77.75,77.39812,77.81353,77.62664,78.4739,78.15068,74.81868,74.19453,74.93767,75.54924,75.95427,75.703064,75.505325,75.38595,75.99075,75.78365,0.020795383,0.0087490035,0.021590622,0.028912261,0.029391209,0.016673965,0.0422207,0.060370352,0.031045867,0.017530791,0.0,0.0,0.0,0.0,0.0,0.0,0.0,0.0,0.0,0.0
ID,24979.2,24944.0,27242.6,26352.0,28737.4,28882.5,29514.800000000003,29932.2,31889.9,30782.9,177760,156600,140544,155787,154481,153289,174569,180196,171550,157879,44.253074645996094,-114.32061767578124,West,Mountain,US,12.216149,12.211993,12.216278,12.216144,12.216094,12.212077,12.2162485,12.216186,12.216225,12.212075,50.39797,53.688904,52.311855,52.95578,54.565582,53.387386,52.49486,52.710175,50.9912,53.341564,29.51992,32.568977,30.979149,32.144848,33.567318,33.077236,31.54114,31.06677,29.900528,30.551338,0.01624807,0.017002584,0.01980463,0.023678845,0.027252818,0.029471636,0.02405148,0.015603744,0.013811428,0.013904083,0.20294638,0.23308997,0.12413039,0.23561104,0.16611545,0.16336931,0.23066473,0.1339812,0.16335653,0.1502258
IL,422421.0,405892.6,427447.2,434662.5,412427.00000000006,402637.2,398759.2,411174.4,404267.9,365340.7,233916,242375,268752,278073,270570,276545,286646,277668,293917,297310,40.31634140014648,-88.98733520507812,Midwest,East North Central,US,12.197652,12.194077,12.197762,12.197646,12.197602,12.194149,12.197738,12.197682,12.197716,12.194148,62.36156,65.75138,60.39853,58.35164,62.358692,63.506454,63.44219,61.256668,61.171326,62.39355,45.904606,47.90504,43.747456,41.434734,45.408398,47.502422,46.51491,44.518803,44.104137,45.154896,0.10126492,0.08463338,0.08779162,0.1062063,0.10820434,0.086062424,0.10266236,0.10622925,0.11487234,0.088351786,0.06660105,0.02841357,0.07743382,0.07637707,0.05786432,0.039046675,0.028515436,0.07352327,0.073489934,0.06834542
IN,267952.2,253175.2,260020.6,268033.5,249293.6,245472.7,237743.9,257981.9,246589.7,219496.8,156049,144690,157896,162947,173327,183792,183807,190075,187427,182401,39.82425308227539,-86.23953247070312,Midwest,East North Central,US,12.195594,12.192085,12.195702,12.195587,12.195546,12.192157,12.195678,12.195624,12.195657,12.192155,62.3473,65.06153,60.627625,58.95113,61.961178,63.62911,63.76834,62.061234,62.504333,63.360687,46.618454,47.930435,44.5513,42.00352,45.533955,47.66296,47.068726,45.682034,45.320362,46.499725,0.15014675,0.08312211,0.10169399,0.09462262,0.10983619,0.10685434,0.13450776,0.14386636,0.118667625,0.11145084,0.05592227,0.043095384,0.07649613,0.10783151,0.056090537,0.023456363,0.024122464,0.05141658,0.0700274,0.04257569
IA,121083.4,112643.6,117952.8,118015.3,112120.6,108922.9,114027.7,122705.8,118502.8,101387.3,353478,370566,389728,406807,429835,452667,473227,478666,518892,556341,42.00351333618164,-93.27511596679688,Midwest,West North Central,US,12.2051115,12.201298,12.205228,12.205104,12.205059,12.201375,12.205201,12.205143,12.20518,12.201373,58.755463,63.23499,56.94307,55.409313,59.35587,60.423534,60.526733,57.503407,56.821346,59.443523,42.02267,44.95453,39.567757,38.058968,41.933784,43.85847,43.741455,40.771908,39.886433,41.89091,0.102151774,0.07409713,0.09262217,0.09996498,0.113560416,0.097071074,0.08398617,0.1121324,0.10818449,0.078683116,0.050072845,0.053880494,0.09744164,0.071466565,0.08357692,0.061597258,0.038671397,0.091625564,0.09879437,0.082359634
KS,103694.1,99175.80000000002,102868.9,105375.9,98502.8,95821.0,94254.0,98901.4,96673.9,94032.5,81476,90046,132989,151818,149870,179062,219766,222816,239094,260617,38.55887222290039,-96.72555541992188,Midwest,West North Central,US,12.190526,12.187183,12.190629,12.19052,12.19048,12.187252,12.190606,12.190555,12.190587,12.187249,68.64742,72.096886,65.182045,66.22276,68.57515,69.21772,68.10429,67.04869,65.542244,67.29403,48.822098,52.20038,46.797703,46.954563,49.709476,51.060963,49.958088,47.931015,47.32077,48.51889,0.06760841,0.060500074,0.09464291,0.06499928,0.088171385,0.09379917,0.09377149,0.08165451,0.10790011,0.083207585,0.06038156,0.015077264,0.07222539,0.05044609,0.031067261,0.015503883,0.0062044915,0.04731712,0.059782196,0.036489096
KY,187047.7,176159.30000000002,173340.69999999998,175587.59999999998,166360.8,161689.5,151388.5,161405.0,153097.19999999998,136625.40000000002,90457,80329,96473,96645,89402,91858,103410,103816,101676,100789,37.64498901367188,-84.71295166015625,South,East South Central,US,12.187054,12.183826,12.187154,12.187049,12.187011,12.183892,12.187133,12.187083,12.187114,12.18389,66.588745,68.61465,63.90067,63.866283,65.91837,67.03359,67.155525,66.167366,67.99698,66.9563,50.213947,51.192425,48.3911,46.900177,49.543365,50.8408,50.05009,49.112843,49.44133,49.465008,0.15256983,0.09520453,0.13051535,0.12664255,0.13661626,0.13305104,0.1307845,0.16398947,0.14988111,0.14547347,0.019975552,0.02624088,0.031040095,0.063685864,0.06621211,0.057000857,0.008305286,0.06475073,0.022943301,0.018270688
LA,392918.4,379495.2,367289.5,363714.1,364497.2,373896.0,383427.0,391224.5,393758.2,392399.9,135127,130783,151598,173371,158287,176181,161570,160945,150526,144854,31.17750358581543,-91.81924438476562,South,West South Central,US,12.166211,12.163712,12.166289,12.166206,12.166177,12.163764,12.166271,12.166233,12.166257,12.163761,78.36529,78.504875,75.816185,75.430626,77.44841,77.94488,77.54241,77.40624,77.59742,78.12758,60.914303,62.172153,59.549072,58.699238,61.665894,62.340427,61.242573,60.39124,59.913235,60.936447,0.11587637,0.12954265,0.14572936,0.11644111,0.15160741,0.15668328,0.1644733,0.17260902,0.19883661,0.18558918,8.2021e-05,0.0,0.0,0.006426741,0.0,0.0,0.0005926679,0.0028151728,0.00031220895,0.0
ME,26503.800000000003,24186.700000000004,24990.800000000003,25035.6,25176.3,24277.5,22871.3,22154.5,21522.2,20612.9,166773,162608,168347,164138,168574,150107,155506,155760,154606,138648,44.67486572265625,-69.33743286132812,Northeast,New England,US,12.218377,12.214152,12.218507,12.2183695,12.218319,12.214237,12.218478,12.218411,12.218452,12.214234,53.75089,54.93935,52.65098,52.118908,52.67602,55.320637,55.00797,54.47981,53.514652,56.294098,39.08323,39.85458,37.78954,37.121326,36.633358,39.22894,38.36853,37.417633,36.85073,39.164692,0.086328365,0.0968749,0.09085532,0.097438276,0.07941714,0.0793942,0.087693654,0.093532,0.10916541,0.08414049,0.2043785,0.14407031,0.16282773,0.22894178,0.18140997,0.13273044,0.17507355,0.21069114,0.22134821,0.16846822
MD,107157.1,102129.2,101672.1,105317.5,104421.7,102055.6,96836.6,107134.0,101976.6,90138.0,80305,71341,78496,77492,73185,73766,80822,90288,79877,66952,39.05096435546875,-76.79013061523438,South,South Atlantic,US,12.19246,12.189053,12.192565,12.192454,12.192413,12.189122,12.192542,12.19249,12.192521,12.189121,65.726585,67.109856,63.66365,62.642353,65.05374,65.39539,66.61986,64.61416,66.59063,66.495155,50.520584,51.475296,49.080074,47.192966,49.440872,50.68568,49.85446,48.837276,49.284626,50.01254,0.13417338,0.09370035,0.114658594,0.09975507,0.10305095,0.11502761,0.12632553,0.22638845,0.13427459,0.21524505,0.037999537,0.01431344,0.042982176,0.090782076,0.05895986,0.058990806,0.031739477,0.05221492,0.048894916,0.012525219
MA,113438.4,105316.7,108747.0,108671.2,111135.8,107637.1,108950.9,107495.9,103777.9,84971.5,77232,73171,82560,87252,88979,93041,95856,101071,99536,94678,42.21440887451172,-71.57894897460938,Northeast,New England,US,12.20609,12.202245,12.206208,12.206082,12.206037,12.202324,12.206182,12.206122,12.206159,12.202321,59.068024,60.880543,58.249294,57.643375,58.756092,60.37703,59.297104,59.378086,59.048496,61.28301,43.6518,45.51465,42.306965,41.313545,42.18247,44.274334,43.02122,42.69711,41.965595,44.045116,0.11360935,0.07955068,0.08330508,0.09304321,0.07422625,0.07439694,0.10798514,0.1428685,0.12349519,0.11219371,0.16598369,0.09931325,0.18337037,0.13660994,0.15991236,0.09556479,0.14370307,0.16241322,0.120098144,0.095848955
MI,261904.9,249794.4,262359.1,267100.7,266038.69999999995,260834.0,261619.1,273189.6,272851.1,241102.2,176632,179593,208916,221483,239503,234596,238177,247124,244587,235184,43.33919143676758,-84.47607421875,Midwest,East North Central,US,12.211502,12.207488,12.211625,12.211494,12.211448,12.207569,12.211597,12.211535,12.211575,12.207568,56.087055,60.324085,55.78949,53.126892,56.811596,58.64032,57.879032,56.252148,55.83293,58.421265,39.5758,43.03119,39.29487,36.677933,39.119015,42.151524,41.44257,40.059902,38.94682,41.52741,0.09394989,0.07128584,0.08004675,0.079713516,0.065755084,0.079808675,0.100581706,0.09429219,0.09823018,0.08852896,0.109091274,0.072360225,0.10134778,0.09258354,0.07215696,0.12268803,0.07780635,0.085807,0.10226942,0.07172073
MN,144590.40000000002,139845.2,145912.8,153853.4,144113.5,149039.4,148143.0,155285.0,154198.8,135752.0,241621,246583,245622,273992,278624,282936,293528,296986,298551,286430,45.72934722900391,-93.83279418945312,Midwest,West North Central,US,12.224186,12.219783,12.22432,12.224177,12.224125,12.2198715,12.22429,12.224223,12.224263,12.219871,53.194485,56.978443,50.195343,48.879642,54.481922,54.979404,54.10643,52.434887,50.658737,54.192577,37.004574,40.18417,34.143467,33.018024,38.32383,39.42427,37.12483,35.014744,33.473206,36.429653,0.058168937,0.0677416,0.059475277,0.064453326,0.06981536,0.07465037,0.07699599,0.07505291,0.075634666,0.049108174,0.08909438,0.07267607,0.1699752,0.13929476,0.055711832,0.071130954,0.07806741,0.15100947,0.17028141,0.1061411
MS,102264.6,103228.7,100280.2,103082.4,110908.5,107122.8,105884.5,110519.6,113311.1,110170.9,75576,88539,76908,78055,74223,76967,71848,74057,70136,68741,32.72407531738281,-89.67031860351562,South,East South Central,US,12.1706705,12.16801,12.1707535,12.170667,12.170635,12.168064,12.170735,12.170695,12.17072,12.168063,75.59542,76.21891,73.000374,73.12089,75.90812,76.91824,75.77752,75.25773,76.12935,75.992195,57.37586,58.720997,56.110355,55.241886,58.639606,59.25765,58.10581,56.912018,56.865433,57.294586,0.1298573,0.15066408,0.15264897,0.12117419,0.13124853,0.12938927,0.14419462,0.17032446,0.1905852,0.17919594,0.00941654,0.0,0.006371179,0.0012170858,0.005447782,0.00051858433,0.0026670054,0.0016298364,0.0040984037,0.0
MO,182285.2,173928.09999999998,177709.6,179381.69999999998,169941.3,163182.0,167230.30000000002,172949.3,163052.2,151225.4,96371,84689,97726,98934,95606,94312,102440,110649,121475,117585,38.48857498168945,-92.32022094726562,Midwest,West North Central,US,12.190254,12.186919,12.190357,12.190248,12.190208,12.186988,12.190333,12.190282,12.190314,12.186986,67.23971,70.623055,64.364586,64.73032,66.289955,68.43572,68.60717,66.93221,66.058495,67.11765,49.569088,52.065426,47.23471,46.712215,49.441193,51.506866,49.862164,48.01489,47.770752,48.41208,0.09965787,0.074902676,0.103926845,0.08681556,0.14356647,0.09299808,0.119810395,0.10613888,0.14748012,0.13435523,0.0886012,0.017858887,0.06375607,0.04640289,0.030551141,0.016224282,0.009779018,0.0302885,0.06781972,0.053079534
MT,42291.7,40579.0,42082.100000000006,42387.600000000006,42094.4,40640.7,41181.9,41460.4,42698.2,36095.600000000006,143494,127819,118144,137730,129412,132767,140885,147563,133863,142312,46.9244270324707,-110.42140197753906,West,Mountain,US,12.23122,12.226607,12.231361,12.231213,12.231158,12.226699,12.23133,12.231258,12.231303,12.226697,47.102848,51.114117,48.107914,47.557373,50.79985,50.17375,49.509995,47.529575,45.086025,48.96578,29.856695,31.831459,30.096153,29.905718,32.1205,32.276157,31.007498,29.957094,28.278526,31.185606,0.031890593,0.020359576,0.03221195,0.037559215,0.03591028,0.042024393,0.029999904,0.052809402,0.045955848,0.025334882,0.29771963,0.24752772,0.2390746,0.26238462,0.19388475,0.1942754,0.31005064,0.28526762,0.32233262,0.25745192
NE,76301.5,72818.29999999999,77592.0,79637.0,77891.1,74402.1,71507.0,75855.8,75456.20000000001,69929.3,144549,132976,138417,155904,164543,168536,186969,190495,203880,202857,41.15992736816406,-98.2403564453125,Midwest,West North Central,US,12.201301,12.197608,12.201415,12.201294,12.201249,12.197682,12.201388,12.201332,12.201367,12.197681,61.842056,67.58529,61.559967,62.132473,63.87088,64.949165,63.759563,60.76195,59.845535,63.897064,42.673233,46.39359,42.432644,42.258392,44.827927,46.142975,44.515293,41.373222,41.35973,43.56682,0.073108874,0.04957586,0.06101397,0.069471456,0.09287959,0.07721964,0.06808216,0.0784571,0.06811288,0.03954895,0.07634937,0.030748477,0.056913223,0.047884565,0.04882842,0.05747524,0.04757535,0.092362344,0.099553905,0.080535464
NV,58574.8,59577.7,61532.7,61675.4,61587.600000000006,63680.1,63908.5,65413.1,65920.7,58369.7,58036,63674,74096,76197,85212,99674,109544,117235,125022,125514,38.34797668457031,-117.1583251953125,West,Mountain,US,12.189712,12.186395,12.189815,12.189706,12.189667,12.186462,12.189792,12.18974,12.189773,12.186461,61.59595,64.65382,63.01131,65.756966,64.574455,62.730434,64.11304,64.37441,60.318264,65.219666,38.279667,41.16666,39.150955,42.05479,41.796078,40.01265,42.91342,42.587963,39.41518,42.448475,0.0053826687,0.0076491013,0.0053657605,0.00953467,0.01567997,0.010779925,0.016905043,0.015602056,0.014462381,0.004253377,0.06073734,0.0587935,0.04074609,0.036401797,0.02904143,0.07495076,0.060769793,0.06351935,0.14403045,0.055993658
NH,33241.200000000004,31261.0,33111.2,33500.3,33368.1,32420.3,31439.9,32016.8,32587.300000000003,29516.3,52027,50256,59059,61731,67603,62838,66803,62624,62394,51219,43.47978591918945,-71.62164306640625,Northeast,Middle Atlantic,US,12.212201,12.208167,12.212326,12.2121935,12.212147,12.208248,12.212298,12.212235,12.2122755,12.208247,55.554127,57.804337,54.92396,54.015713,55.636074,57.675705,56.719204,56.528564,55.73527,58.33009,40.200947,42.09383,38.92823,37.927555,38.372402,40.818073,39.168613,38.45381,37.58965,39.837082,0.12229099,0.08334267,0.084913574,0.094460666,0.077687815,0.07655712,0.09653679,0.10736508,0.10720255,0.09543127,0.21415628,0.12183105,0.1774938,0.19035114,0.14643887,0.12460109,0.19706134,0.18168445,0.18326508,0.13755438
NJ,201034.9,192809.8,196477.0,202156.3,202710.9,201242.0,196521.5,203897.5,192549.7,165680.8,74190,76886,86152,91005,81586,85369,83836,84239,84994,80762,40.31634140014648,-74.55694580078125,Northeast,Middle Atlantic,US,12.197652,12.194077,12.197762,12.197646,12.197602,12.194149,12.197738,12.197682,12.197716,12.194148,64.214,65.11917,62.245907,61.182575,63.355347,64.43469,64.08887,62.992764,63.66007,64.92542,47.681507,48.900913,46.358612,44.348923,46.538944,47.90141,47.3468,46.70221,46.42161,47.890194,0.14355527,0.096259244,0.104926676,0.09840166,0.095952444,0.09028322,0.10822535,0.17819208,0.1341804,0.13012679,0.061863586,0.036766436,0.067417555,0.11214317,0.081353895,0.07240612,0.07187686,0.113213845,0.056007113,0.028670305
NM,76920.8,74664.8,74170.4,71181.2,71344.2,69175.6,69782.7,67594.9,71961.1,66838.79999999999,43298,45164,46411,48148,48909,64769,78080,95244,105040,106513,34.833038330078125,-106.19772338867188,West,Mountain,US,12.177254,12.174359,12.177342,12.177249,12.177215,12.174418,12.177322,12.177278,12.177306,12.174417,64.91041,66.34261,63.244495,65.29381,64.0216,65.17565,65.58444,64.96725,62.89935,65.78606,41.230747,42.983273,40.49692,41.724976,41.970757,42.31717,43.688084,42.815,41.122616,42.91385,0.023195587,0.021255463,0.03872389,0.0315578,0.033980604,0.02870736,0.044390365,0.035504278,0.02690251,0.016847106,0.05802994,0.032248028,0.0427728,0.022698825,0.07855018,0.030032337,0.07074144,0.069215484,0.07442709,0.06918962
NY,320705.10000000003,310258.9,318212.2,328925.4,328765.69999999995,318313.1,311633.6,328232.9,320614.8,277851.8,438840,399747,418075,437667,448392,454021,490642,489219,498124,468231,42.14411163330078,-74.75912475585938,Northeast,Middle Atlantic,US,12.205762,12.201928,12.20588,12.205754,12.20571,12.202006,12.205853,12.205795,12.205831,12.202004,52.97646,54.944275,51.49739,50.493465,52.41482,54.310062,52.71884,52.29526,52.41808,54.186657,37.93577,39.820553,36.13026,34.711544,36.16893,38.53993,37.46533,37.240803,36.280804,38.528805,0.1351153,0.092437595,0.09288055,0.086153544,0.083666,0.079290845,0.10302026,0.1240456,0.11316025,0.10177838,0.22662824,0.13625093,0.16796346,0.1830317,0.1318342,0.13180353,0.15295328,0.23765063,0.15623288,0.14711438
NC,219077.8,211815.4,217198.0,222664.4,221882.2,224852.50000000003,219990.1,227053.3,223108.7,203133.7,188541,186574,228352,209090,206845,222384,240022,270114,275441,293174,35.606327056884766,-79.820068359375,South,South Atlantic,US,12.179824,12.176842,12.179916,12.179818,12.179784,12.176903,12.179896,12.179851,12.179878,12.1769,71.76382,71.94645,68.21578,68.295105,70.453606,71.0545,71.25399,69.38404,71.723045,70.78535,53.75049,54.208508,51.905407,51.17984,53.653748,54.16016,53.105373,52.688705,53.262287,53.354755,0.088360526,0.082941346,0.1216422,0.098237745,0.11471555,0.11228708,0.10776075,0.1733102,0.12125362,0.15770994,0.007969267,0.0024549733,0.012154806,0.045206796,0.027199224,0.013324808,0.02763314,0.039274123,0.0052410536,0.0053851027
ND,65184.0,67742.90000000001,69774.2,72461.0,70266.5,66475.6,69414.3,72737.29999999999,71778.6,67718.8,102733,99508,98237,111219,109747,125731,165938,163255,164419,176757,47.5571174621582,-99.76974487304688,Midwest,West North Central,US,12.235158,12.230427,12.235303,12.235149,12.235093,12.230521,12.2352705,12.235198,12.235242,12.230519,49.551636,55.57546,47.105053,48.25786,54.057514,54.44546,51.879345,49.994312,47.125072,53.011723,33.810856,37.041035,30.732178,30.836617,35.73334,37.517925,34.683826,31.799433,30.79733,34.835514,0.05811617,0.04827985,0.05780658,0.052660022,0.04339382,0.06396165,0.032679304,0.040031537,0.05885524,0.025894342,0.10664476,0.063075095,0.13839023,0.06879216,0.08124735,0.11515453,0.06504565,0.11007658,0.176131,0.060212415
OH,329473.7,311283.1,327265.5,334916.5,316034.4,307825.3,308423.19999999995,323580.9,310251.69999999995,296289.1,138111,143509,160117,163389,157489,159177,156232,158726,160334,151400,40.38664245605469,-82.774658203125,Midwest,East North Central,US,12.197949,12.194364,12.19806,12.197944,12.197902,12.194438,12.198035,12.19798,12.198014,12.194436,60.130142,62.55425,58.213394,56.75301,59.26251,61.270367,60.732605,59.114532,60.508656,60.615646,44.910824,46.38333,43.174595,41.00474,43.37723,45.602478,44.886414,43.997524,43.983227,44.9086,0.13949372,0.084917374,0.113539964,0.09748206,0.110992044,0.1049032,0.12945557,0.17060663,0.11652165,0.122722335,0.079831295,0.073221214,0.07164755,0.09694582,0.082581736,0.058647886,0.044600192,0.0948542,0.089333214,0.07335124
OK,156280.6,156226.90000000002,152423.0,153874.7,151380.8,147819.2,143499.1,155478.2,149188.1,139282.1,114750,135556,178059,177919,203058,260290,290968,324177,347056,337045,35.53602600097656,-96.93197631835938,South,West South Central,US,12.179587,12.176612,12.179679,12.179582,12.179546,12.176673,12.179658,12.179612,12.179642,12.176671,75.3641,75.73896,70.89475,71.07433,71.990105,73.64571,73.71383,71.6493,71.553566,72.64259,55.91836,57.46837,52.74412,52.847584,54.84435,56.538372,54.98677,53.27405,53.220856,53.942104,0.055927485,0.06680056,0.096212596,0.07216684,0.14080155,0.07299046,0.091430865,0.09787294,0.1430578,0.09786412,0.04808547,0.0061259368,0.031751297,0.021566054,0.019599842,0.0007408348,0.0035560073,0.0073145083,0.016704062,0.026498383
OR,56976.5,57257.8,60547.8,58647.600000000006,59555.2,59710.4,61638.2,62781.2,66416.8,60080.2,526732,507768,472016,495029,451541,482943,516930,502494,445620,473155,44.60456848144531,-121.98460388183594,West,Pacific,US,12.218002,12.213788,12.218132,12.217995,12.217945,12.213874,12.218102,12.218038,12.218078,12.213871,52.161316,53.959213,54.38711,56.54604,58.785553,55.2296,54.861225,55.77176,53.582672,55.4044,34.933292,35.915607,36.344666,38.455456,39.47541,37.38976,36.540615,36.530437,35.72627,36.91241,0.0841623,0.11338079,0.0771176,0.1508293,0.09702551,0.10333984,0.12589708,0.08818882,0.0907104,0.09930333,0.5534057,0.81766886,0.3415185,0.45610675,0.3192423,0.48762408,0.8409426,0.6321612,0.49654505,0.76929617
PA,421918.3,411798.5,430513.6,437368.2,422137.1,409460.9,409569.9,420276.6,425187.1,390655.2,215431,203830,235207,232509,235433,230921,240496,251952,234570,217902,40.597537994384766,-77.2701416015625,Northeast,New England,US,12.19885,12.195236,12.198962,12.198844,12.198802,12.19531,12.198936,12.198882,12.198916,12.195309,60.467106,62.49821,59.655003,58.122223,60.84271,61.878174,61.532345,59.472702,61.063522,62.6239,44.118576,45.95906,43.309917,41.1875,43.40451,45.325897,44.206024,43.340206,43.09381,44.66287,0.16383299,0.0958792,0.090148784,0.08007555,0.08623733,0.0987578,0.10559546,0.18387984,0.11659041,0.09675906,0.07932859,0.05900051,0.09300705,0.09964016,0.083354495,0.06537637,0.07969213,0.10796098,0.08358362,0.05819078
RI,18471.9,17729.1,17044.0,17772.699999999997,18262.6,16281.3,16991.4,18736.3,17524.4,16929.9,6901,6003,6106,7902,8469,8267,9567,10045,11832,13926,41.65201950073242,-71.53179931640625,Northeast,New England,US,12.203503,12.19974,12.203618,12.203496,12.203452,12.199817,12.203593,12.203534,12.20357,12.199815,59.26582,60.59811,58.205288,57.444942,58.614086,59.883884,59.5957,59.60521,59.139603,61.126804,45.31094,46.868286,44.067703,42.866535,43.77638,45.493484,44.369053,44.076298,43.349125,45.519253,0.11939583,0.08750231,0.09471177,0.11110479,0.0821136,0.0943303,0.11176307,0.15385582,0.15354936,0.12594076,0.12307948,0.08168658,0.1562283,0.11475531,0.15192862,0.0888169,0.102829635,0.16057117,0.09629953,0.05980393
SC,164044.8,155329.0,154133.7,156951.8,159256.4,161227.5,157271.5,162134.0,161027.4,151843.1,135879,138964,156589,158548,151230,150318,152847,165199,166366,173989,33.84885787963867,-80.92153930664062,South,South Atlantic,US,12.174107,12.171322,12.174191,12.174102,12.174068,12.171379,12.174172,12.17413,12.174157,12.171378,76.15153,75.87939,72.72186,73.483315,74.978966,74.80052,76.063385,74.58297,76.3031,74.91965,57.083786,57.59033,55.428196,55.10673,57.508358,57.619083,57.706432,57.22526,57.633743,57.64574,0.08781394,0.097478665,0.13447948,0.11061805,0.13167378,0.118668996,0.12295733,0.14425229,0.11510237,0.14840221,0.008741851,0.0,0.0,0.011601473,0.000328084,0.00060288626,0.0021484208,0.00096308516,7.408348e-05,0.0
SD,21877.2,22382.1,23142.9,23150.1,21867.800000000003,22497.0,22411.1,23847.9,24502.7,23262.300000000003,154349,140762,128968,140135,138038,149018,148279,158194,169269,171078,44.32337188720703,-99.49539184570312,Midwest,West North Central,US,12.216517,12.212349,12.216645,12.21651,12.216461,12.212433,12.216617,12.216553,12.216594,12.212432,55.250443,62.814713,55.568314,56.33841,59.851654,60.23074,58.389084,55.57024,51.818645,58.290646,37.888695,42.399082,37.06699,36.564175,40.555347,41.6561,39.915882,37.62344,35.471783,39.444115,0.06354024,0.037292164,0.056120653,0.05082835,0.050951645,0.050978765,0.04410623,0.037636522,0.058207765,0.02851405,0.100963436,0.06220526,0.122086935,0.048730876,0.051193446,0.06898747,0.05538057,0.12156129,0.17881142,0.070204146
TN,170410.4,161387.90000000002,163814.1,170342.6,164163.69999999998,172815.0,169347.5,173502.7,172377.8,161542.6,191304,181037,226381,194804,196878,170822,182761,199132,191569,211994,35.74692153930664,-86.6365966796875,South,East South Central,US,12.180302,12.177302,12.180394,12.180297,12.180261,12.177363,12.180374,12.180327,12.180356,12.1773615,69.69689,70.75733,66.74739,66.64687,68.8424,71.316414,69.95194,68.71718,70.68815,69.6596,52.625744,53.56717,50.8728,49.843655,52.67365,53.989777,52.71913,51.848907,52.284412,52.065155,0.13654141,0.12481856,0.15326574,0.14176701,0.14014778,0.10745687,0.17467435,0.21909463,0.2019726,0.18936324,0.015103329,0.005234381,0.008458922,0.011303729,0.015414655,0.025510265,0.0047413423,0.010072708,0.0074790795,0.014649115
TX,1130396.0,1137049.1,1195792.6,1186099.2,1203822.5,1208942.1,1212950.8,1293734.7,1306935.7,1221204.7,524901,533395,584228,634054,672832,820815,915338,1009917,1071087,1149538,31.03690528869629,-97.580078125,South,West South Central,US,12.16582,12.163335,12.165897,12.165816,12.165787,12.163386,12.165881,12.165841,12.165866,12.163384,81.24264,79.81673,77.442856,77.27327,77.25199,77.74703,78.38506,76.40685,76.75117,78.657616,60.792027,61.149494,58.387802,58.097187,59.719433,60.965084,61.288662,59.562756,59.103348,60.40222,0.054041456,0.09277788,0.088746466,0.06805658,0.13057472,0.119698316,0.112916626,0.13271794,0.09411344,0.11009875,0.0041830707,0.00023757808,0.00029633392,0.003489861,0.0015504615,0.0,7.408348e-05,0.00037041746,0.0072125564,0.001504661
UT,85356.8,82408.1,88546.2,87013.8,84919.90000000001,80456.4,80035.2,83699.6,84903.3,79599.7,31282,28026,25011,29679,33778,47601,64181,61286,60089,61965,40.17574691772461,-111.96351623535156,West,Mountain,US,12.197059,12.193501,12.197167,12.197052,12.19701,12.193574,12.197144,12.197089,12.197124,12.193573,59.13258,64.12031,60.318176,64.33784,64.261894,63.00052,64.14693,64.57458,61.325687,65.495964,40.26367,43.49826,41.057358,44.113953,44.31,43.56151,45.210896,45.204105,42.873962,44.505146,0.04010602,0.016497357,0.021699732,0.036682636,0.025127327,0.035183594,0.039862808,0.024685398,0.03529196,0.010603584,0.13240252,0.14339018,0.102782704,0.07609132,0.10007214,0.119103245,0.07496313,0.08467212,0.13751586,0.07407249
VT,13996.600000000002,13595.7,13903.7,14360.6,9413.3,9011.0,8966.0,9000.0,9174.8,8396.8,33019,28836,36145,35555,41531,38701,40945,44258,43772,39823,44.042179107666016,-72.90274047851562,Northeast,New England,US,12.215056,12.210933,12.215183,12.215049,12.215,12.211017,12.215156,12.215092,12.21513,12.211015,49.365765,51.820282,48.61529,47.4635,49.187946,51.309414,48.86722,48.598774,47.500744,50.554996,33.914623,35.609917,32.440224,31.427435,31.938581,34.45477,34.78458,33.75884,32.94478,35.78509,0.126654,0.10002914,0.10924736,0.09374181,0.10221332,0.090005636,0.111032106,0.10816044,0.11835625,0.0934036,0.26607314,0.13539095,0.17161809,0.2352551,0.16212042,0.16757452,0.26100528,0.31307027,0.28228188,0.2308488
VA,173474.30000000002,174337.5,182415.0,186307.2,188687.0,195090.8,192379.9,199190.7,198367.2,187815.4,136050,134372,152518,167411,169053,167391,167010,183826,169910,170439,37.785587310791016,-78.1927490234375,South,South Atlantic,US,12.187579,12.184334,12.187679,12.1875725,12.187534,12.1844,12.187656,12.187607,12.187637,12.184398,69.61079,70.37208,66.39042,66.52664,68.18401,69.811584,70.43987,68.631645,70.62713,70.295845,51.889835,52.282913,49.76889,48.910526,50.976955,52.37033,51.580936,50.670822,51.196747,51.551052,0.10554973,0.081494994,0.12847163,0.102540374,0.10690326,0.09716203,0.092704415,0.16474941,0.098457806,0.15048523,0.011866585,0.008688204,0.05387192,0.06716233,0.04570951,0.03861793,0.01940987,0.03916141,0.029609581,0.005349338
WA,107445.1,111022.7,118962.8,117789.9,120402.5,127959.5,126730.2,127322.4,134617.4,113424.5,1080055,1036980,942926,957292,891733,948976,967707,955305,797587,884394,47.41651916503906,-121.57376098632812,West,Pacific,US,12.234269,12.229565,12.234413,12.234261,12.234206,12.229659,12.23438,12.234309,12.234353,12.229657,50.258907,52.303772,53.040314,54.336697,56.81838,53.80546,52.65259,53.217976,51.843983,53.028442,36.083073,37.567352,38.12818,39.42532,40.675133,39.423977,37.980007,38.940212,37.658947,38.875572,0.18189351,0.17831498,0.15229319,0.20451309,0.17964874,0.1696365,0.16895074,0.17440605,0.1449263,0.19425483,0.3949764,0.53343123,0.33015195,0.31906924,0.21147533,0.2954311,0.89352685,0.8558549,0.45260176,0.80682707
WV,114724.5,109125.2,111929.3,118969.3,111169.8,113964.7,110122.4,110013.0,106994.69999999998,98408.9,53542,51398,61073,57169,44994,47885,49947,53573,49681,48020,38.48857498168945,-80.96334838867188,South,South Atlantic,US,12.190254,12.186919,12.190357,12.190248,12.190208,12.186988,12.190333,12.190282,12.190314,12.186986,64.166435,65.57247,62.15312,62.03221,64.13673,64.85093,65.57385,64.6059,66.5492,65.58789,48.35796,48.92639,46.951763,45.622326,48.06627,48.98962,49.079784,48.442184,48.804348,49.06795,0.15854527,0.12976177,0.12473697,0.11292955,0.12864318,0.14416833,0.14159818,0.18223108,0.1350216,0.14539132,0.058029413,0.06449554,0.0649915,0.10042351,0.07954185,0.06703601,0.03525245,0.078405894,0.044998128,0.04967323
WI,148408.7,143525.3,154108.5,153847.80000000002,152390.3,148864.8,151745.1,158210.7,152489.6,141629.59999999998,186444,178205,188808,195664,200490,200299,198839,203443,202897,183061,44.253074645996094,-89.58779907226562,Midwest,East North Central,US,12.216149,12.211993,12.216278,12.216144,12.216094,12.212077,12.2162485,12.216186,12.216225,12.212075,54.47024,59.012604,52.029255,50.73428,55.369293,56.210236,55.137127,54.044582,52.556797,55.778442,38.090385,41.6872,35.738174,34.16881,38.40977,40.445076,38.52415,36.850597,35.95786,38.440033,0.069354534,0.05871387,0.08243909,0.08508571,0.083146006,0.08674556,0.08396997,0.09602264,0.10213154,0.08903459,0.106963135,0.08637009,0.12852478,0.119987726,0.086664796,0.10312045,0.0898749,0.12731688,0.18519582,0.10710522
WY,79777.0,82079.5,83849.5,80258.0,77198.7,74241.7,77062.1,79043.5,73768.8,69581.0,61810,55484,54820,56015,52372,58491,59425,54920,57094,68407,42.776798248291016,-107.44082641601562,West,Mountain,US,12.2087555,12.204826,12.208877,12.208748,12.208701,12.204906,12.208848,12.208789,12.208825,12.2049055,48.07301,53.22645,48.89017,50.74182,51.440216,50.542477,48.072662,48.0988,44.376156,48.681538,25.834135,30.734636,26.316597,27.5016,29.499664,28.0614,30.577478,29.314196,26.944878,29.662409,0.014504764,0.0074627004,0.012627075,0.01641574,0.019791277,0.014038223,0.018614382,0.015188827,0.0153795285,0.007713526,0.13761394,0.08887863,0.15587658,0.11631018,0.1266621,0.16547142,0.22807394,0.1357116,0.21891613,0.13232535
